data_referencia,ano,mes,trimestre,dia_semana,ano_mes,tempo_id
2008-01-01,2008,1,1,Tuesday,2008-01,181
2008-02-08,2008,2,1,Friday,2008-02,968
2008-02-10,2008,2,1,Sunday,2008-02,336
2008-02-12,2008,2,1,Tuesday,2008-02,573
2008-02-17,2008,2,1,Sunday,2008-02,574
2008-02-18,2008,2,1,Monday,2008-02,1072
2008-02-20,2008,2,1,Wednesday,2008-02,575
2008-02-29,2008,2,1,Friday,2008-02,590
2008-03-01,2008,3,1,Saturday,2008-03,589
2008-03-16,2008,3,1,Sunday,2008-03,591
2008-04-01,2008,4,2,Tuesday,2008-04,593
2008-04-06,2008,4,2,Sunday,2008-04,594
2008-04-10,2008,4,2,Thursday,2008-04,592
2008-05-02,2008,5,2,Friday,2008-05,595
2008-05-07,2008,5,2,Wednesday,2008-05,596
2008-05-14,2008,5,2,Wednesday,2008-05,597
2008-06-01,2008,6,2,Sunday,2008-06,599
2008-06-02,2008,6,2,Monday,2008-06,598
2008-06-13,2008,6,2,Friday,2008-06,337
2008-07-01,2008,7,3,Tuesday,2008-07,428
2008-07-08,2008,7,3,Tuesday,2008-07,338
2008-07-16,2008,7,3,Wednesday,2008-07,600
2008-08-01,2008,8,3,Friday,2008-08,429
2008-08-03,2008,8,3,Sunday,2008-08,601
2008-08-07,2008,8,3,Thursday,2008-08,602
2008-08-09,2008,8,3,Saturday,2008-08,603
2008-08-27,2008,8,3,Wednesday,2008-08,430
2008-09-01,2008,9,3,Monday,2008-09,468
2008-09-22,2008,9,3,Monday,2008-09,431
2008-09-24,2008,9,3,Wednesday,2008-09,604
2008-10-01,2008,10,4,Wednesday,2008-10,432
2008-10-05,2008,10,4,Sunday,2008-10,605
2008-10-11,2008,10,4,Saturday,2008-10,1073
2008-10-15,2008,10,4,Wednesday,2008-10,606
2008-10-22,2008,10,4,Wednesday,2008-10,607
2008-10-28,2008,10,4,Tuesday,2008-10,249
2008-10-30,2008,10,4,Thursday,2008-10,340
2008-11-01,2008,11,4,Saturday,2008-11,608
2008-11-02,2008,11,4,Sunday,2008-11,339
2008-11-07,2008,11,4,Friday,2008-11,997
2008-11-14,2008,11,4,Friday,2008-11,611
2008-11-15,2008,11,4,Saturday,2008-11,610
2008-11-16,2008,11,4,Sunday,2008-11,609
2008-11-19,2008,11,4,Wednesday,2008-11,341
2009-01-01,2009,1,1,Thursday,2009-01,612
2009-01-16,2009,1,1,Friday,2009-01,1074
2009-01-24,2009,1,1,Saturday,2009-01,342
2009-01-28,2009,1,1,Wednesday,2009-01,447
2009-02-01,2009,2,1,Sunday,2009-02,613
2009-03-01,2009,3,1,Sunday,2009-03,1075
2009-03-16,2009,3,1,Monday,2009-03,1213
2009-04-01,2009,4,2,Wednesday,2009-04,448
2009-04-09,2009,4,2,Thursday,2009-04,614
2009-04-18,2009,4,2,Saturday,2009-04,615
2009-06-06,2009,6,2,Saturday,2009-06,616
2009-06-17,2009,6,2,Wednesday,2009-06,617
2009-07-01,2009,7,3,Wednesday,2009-07,469
2009-07-15,2009,7,3,Wednesday,2009-07,618
2009-08-01,2009,8,3,Saturday,2009-08,619
2009-08-05,2009,8,3,Wednesday,2009-08,449
2009-09-01,2009,9,3,Tuesday,2009-09,450
2009-09-09,2009,9,3,Wednesday,2009-09,1011
2009-09-11,2009,9,3,Friday,2009-09,451
2009-09-16,2009,9,3,Wednesday,2009-09,1179
2009-09-28,2009,9,3,Monday,2009-09,620
2009-10-01,2009,10,4,Thursday,2009-10,1076
2009-10-02,2009,10,4,Friday,2009-10,622
2009-10-19,2009,10,4,Monday,2009-10,621
2009-11-01,2009,11,4,Sunday,2009-11,623
2009-11-16,2009,11,4,Monday,2009-11,962
2009-11-17,2009,11,4,Tuesday,2009-11,963
2009-11-19,2009,11,4,Thursday,2009-11,1181
2009-11-20,2009,11,4,Friday,2009-11,1180
2009-12-28,2009,12,4,Monday,2009-12,624
2010-01-01,2010,1,1,Friday,2010-01,343
2010-01-05,2010,1,1,Tuesday,2010-01,964
2010-03-01,2010,3,1,Monday,2010-03,1077
2010-03-19,2010,3,1,Friday,2010-03,625
2010-03-22,2010,3,1,Monday,2010-03,808
2010-03-30,2010,3,1,Tuesday,2010-03,344
2010-04-01,2010,4,2,Thursday,2010-04,626
2010-04-28,2010,4,2,Wednesday,2010-04,1012
2010-05-06,2010,5,2,Thursday,2010-05,627
2010-05-08,2010,5,2,Saturday,2010-05,628
2010-05-11,2010,5,2,Tuesday,2010-05,345
2010-05-21,2010,5,2,Friday,2010-05,965
2010-05-23,2010,5,2,Sunday,2010-05,629
2010-06-01,2010,6,2,Tuesday,2010-06,967
2010-06-02,2010,6,2,Wednesday,2010-06,1182
2010-06-17,2010,6,2,Thursday,2010-06,966
2010-06-24,2010,6,2,Thursday,2010-06,630
2010-07-17,2010,7,3,Saturday,2010-07,631
2010-07-30,2010,7,3,Friday,2010-07,346
2010-08-01,2010,8,3,Sunday,2010-08,1078
2010-08-16,2010,8,3,Monday,2010-08,347
2010-08-18,2010,8,3,Wednesday,2010-08,810
2010-08-23,2010,8,3,Monday,2010-08,348
2010-08-25,2010,8,3,Wednesday,2010-08,1183
2010-09-01,2010,9,3,Wednesday,2010-09,182
2010-09-06,2010,9,3,Monday,2010-09,633
2010-09-14,2010,9,3,Tuesday,2010-09,632
2010-09-30,2010,9,3,Thursday,2010-09,634
2010-10-01,2010,10,4,Friday,2010-10,256
2010-11-01,2010,11,4,Monday,2010-11,470
2010-11-06,2010,11,4,Saturday,2010-11,811
2010-11-07,2010,11,4,Sunday,2010-11,635
2010-12-01,2010,12,4,Wednesday,2010-12,257
2010-12-05,2010,12,4,Sunday,2010-12,637
2010-12-10,2010,12,4,Friday,2010-12,638
2010-12-14,2010,12,4,Tuesday,2010-12,636
2011-01-01,2011,1,1,Saturday,2011-01,1159
2011-01-21,2011,1,1,Friday,2011-01,639
2011-01-27,2011,1,1,Thursday,2011-01,640
2011-02-01,2011,2,1,Tuesday,2011-02,917
2011-02-12,2011,2,1,Saturday,2011-02,641
2011-02-18,2011,2,1,Friday,2011-02,931
2011-03-01,2011,3,1,Tuesday,2011-03,1160
2011-03-02,2011,3,1,Wednesday,2011-03,1013
2011-04-01,2011,4,2,Friday,2011-04,349
2011-04-20,2011,4,2,Wednesday,2011-04,642
2011-04-25,2011,4,2,Monday,2011-04,975
2011-04-26,2011,4,2,Tuesday,2011-04,183
2011-04-27,2011,4,2,Wednesday,2011-04,932
2011-05-01,2011,5,2,Sunday,2011-05,1079
2011-06-13,2011,6,2,Monday,2011-06,643
2011-06-16,2011,6,2,Thursday,2011-06,976
2011-06-20,2011,6,2,Monday,2011-06,258
2011-06-27,2011,6,2,Monday,2011-06,977
2011-07-02,2011,7,3,Saturday,2011-07,918
2011-07-13,2011,7,3,Wednesday,2011-07,644
2011-07-14,2011,7,3,Thursday,2011-07,978
2011-07-26,2011,7,3,Tuesday,2011-07,1146
2011-08-03,2011,8,3,Wednesday,2011-08,933
2011-08-17,2011,8,3,Wednesday,2011-08,261
2011-08-24,2011,8,3,Wednesday,2011-08,260
2011-08-29,2011,8,3,Monday,2011-08,259
2011-08-30,2011,8,3,Tuesday,2011-08,350
2011-09-06,2011,9,3,Tuesday,2011-09,979
2011-09-10,2011,9,3,Saturday,2011-09,1080
2011-09-27,2011,9,3,Tuesday,2011-09,1014
2011-09-30,2011,9,3,Friday,2011-09,1015
2011-10-01,2011,10,4,Saturday,2011-10,645
2011-10-11,2011,10,4,Tuesday,2011-10,690
2011-10-12,2011,10,4,Wednesday,2011-10,1081
2011-10-24,2011,10,4,Monday,2011-10,934
2011-10-28,2011,10,4,Friday,2011-10,351
2011-11-01,2011,11,4,Tuesday,2011-11,812
2011-11-10,2011,11,4,Thursday,2011-11,352
2011-11-11,2011,11,4,Friday,2011-11,1184
2011-11-12,2011,11,4,Saturday,2011-11,295
2011-11-22,2011,11,4,Tuesday,2011-11,353
2011-12-01,2011,12,4,Thursday,2011-12,1161
2011-12-22,2011,12,4,Thursday,2011-12,646
2011-12-28,2011,12,4,Wednesday,2011-12,648
2011-12-29,2011,12,4,Thursday,2011-12,647
2012-01-02,2012,1,1,Monday,2012-01,935
2012-01-19,2012,1,1,Thursday,2012-01,262
2012-02-18,2012,2,1,Saturday,2012-02,296
2012-02-23,2012,2,1,Thursday,2012-02,649
2012-02-25,2012,2,1,Saturday,2012-02,184
2012-03-01,2012,3,1,Thursday,2012-03,936
2012-03-23,2012,3,1,Friday,2012-03,354
2012-03-27,2012,3,1,Tuesday,2012-03,650
2012-04-01,2012,4,2,Sunday,2012-04,471
2012-04-03,2012,4,2,Tuesday,2012-04,651
2012-04-14,2012,4,2,Saturday,2012-04,652
2012-04-23,2012,4,2,Monday,2012-04,937
2012-05-09,2012,5,2,Wednesday,2012-05,1082
2012-05-25,2012,5,2,Friday,2012-05,355
2012-05-29,2012,5,2,Tuesday,2012-05,1147
2012-06-01,2012,6,2,Friday,2012-06,472
2012-06-19,2012,6,2,Tuesday,2012-06,356
2012-06-20,2012,6,2,Wednesday,2012-06,1016
2012-07-01,2012,7,3,Sunday,2012-07,357
2012-07-20,2012,7,3,Friday,2012-07,938
2012-07-23,2012,7,3,Monday,2012-07,813
2012-07-25,2012,7,3,Wednesday,2012-07,358
2012-07-27,2012,7,3,Friday,2012-07,969
2012-08-09,2012,8,3,Thursday,2012-08,359
2012-08-14,2012,8,3,Tuesday,2012-08,653
2012-08-20,2012,8,3,Monday,2012-08,263
2012-08-24,2012,8,3,Friday,2012-08,949
2012-09-01,2012,9,3,Saturday,2012-09,473
2012-09-06,2012,9,3,Thursday,2012-09,1162
2012-09-11,2012,9,3,Tuesday,2012-09,654
2012-09-13,2012,9,3,Thursday,2012-09,833
2012-09-19,2012,9,3,Wednesday,2012-09,360
2012-10-01,2012,10,4,Monday,2012-10,285
2012-10-03,2012,10,4,Wednesday,2012-10,1083
2012-10-15,2012,10,4,Monday,2012-10,655
2012-10-19,2012,10,4,Friday,2012-10,950
2012-10-31,2012,10,4,Wednesday,2012-10,809
2012-11-01,2012,11,4,Thursday,2012-11,1148
2012-11-06,2012,11,4,Tuesday,2012-11,656
2012-11-22,2012,11,4,Thursday,2012-11,814
2012-11-23,2012,11,4,Friday,2012-11,361
2012-12-07,2012,12,4,Friday,2012-12,362
2012-12-11,2012,12,4,Tuesday,2012-12,657
2012-12-20,2012,12,4,Thursday,2012-12,658
2013-01-01,2013,1,1,Tuesday,2013-01,407
2013-01-11,2013,1,1,Friday,2013-01,951
2013-01-23,2013,1,1,Wednesday,2013-01,970
2013-01-25,2013,1,1,Friday,2013-01,659
2013-02-10,2013,2,1,Sunday,2013-02,1084
2013-02-20,2013,2,1,Wednesday,2013-02,952
2013-02-21,2013,2,1,Thursday,2013-02,953
2013-02-22,2013,2,1,Friday,2013-02,660
2013-03-05,2013,3,1,Tuesday,2013-03,971
2013-03-10,2013,3,1,Sunday,2013-03,661
2013-03-13,2013,3,1,Wednesday,2013-03,474
2013-04-02,2013,4,2,Tuesday,2013-04,663
2013-04-17,2013,4,2,Wednesday,2013-04,662
2013-05-02,2013,5,2,Thursday,2013-05,475
2013-05-08,2013,5,2,Wednesday,2013-05,264
2013-05-15,2013,5,2,Wednesday,2013-05,664
2013-05-22,2013,5,2,Wednesday,2013-05,691
2013-05-23,2013,5,2,Thursday,2013-05,363
2013-05-27,2013,5,2,Monday,2013-05,297
2013-05-29,2013,5,2,Wednesday,2013-05,476
2013-06-01,2013,6,2,Saturday,2013-06,954
2013-06-17,2013,6,2,Monday,2013-06,665
2013-06-21,2013,6,2,Friday,2013-06,955
2013-06-24,2013,6,2,Monday,2013-06,666
2013-07-25,2013,7,3,Thursday,2013-07,692
2013-07-26,2013,7,3,Friday,2013-07,815
2013-07-30,2013,7,3,Tuesday,2013-07,667
2013-07-31,2013,7,3,Wednesday,2013-07,1163
2013-08-01,2013,8,3,Thursday,2013-08,477
2013-08-30,2013,8,3,Friday,2013-08,874
2013-09-02,2013,9,3,Monday,2013-09,668
2013-09-05,2013,9,3,Thursday,2013-09,693
2013-09-07,2013,9,3,Saturday,2013-09,364
2013-09-10,2013,9,3,Tuesday,2013-09,1185
2013-10-01,2013,10,4,Tuesday,2013-10,326
2013-10-17,2013,10,4,Thursday,2013-10,1092
2013-10-22,2013,10,4,Tuesday,2013-10,669
2013-11-01,2013,11,4,Friday,2013-11,791
2013-11-04,2013,11,4,Monday,2013-11,694
2013-11-05,2013,11,4,Tuesday,2013-11,265
2013-11-11,2013,11,4,Monday,2013-11,875
2013-11-19,2013,11,4,Tuesday,2013-11,980
2013-11-25,2013,11,4,Monday,2013-11,876
2013-12-16,2013,12,4,Monday,2013-12,877
2014-01-01,2014,1,1,Wednesday,2014-01,408
2014-01-10,2014,1,1,Friday,2014-01,878
2014-01-14,2014,1,1,Tuesday,2014-01,478
2014-01-15,2014,1,1,Wednesday,2014-01,1017
2014-01-21,2014,1,1,Tuesday,2014-01,266
2014-01-29,2014,1,1,Wednesday,2014-01,880
2014-01-30,2014,1,1,Thursday,2014-01,981
2014-01-31,2014,1,1,Friday,2014-01,1010
2014-02-01,2014,2,1,Saturday,2014-02,205
2014-02-18,2014,2,1,Tuesday,2014-02,670
2014-03-07,2014,3,1,Friday,2014-03,879
2014-03-17,2014,3,1,Monday,2014-03,671
2014-04-24,2014,4,2,Thursday,2014-04,479
2014-04-30,2014,4,2,Wednesday,2014-04,673
2014-05-14,2014,5,2,Wednesday,2014-05,674
2014-05-20,2014,5,2,Tuesday,2014-05,672
2014-05-23,2014,5,2,Friday,2014-05,887
2014-06-01,2014,6,2,Sunday,2014-06,286
2014-06-02,2014,6,2,Monday,2014-06,675
2014-06-05,2014,6,2,Thursday,2014-06,888
2014-06-30,2014,6,2,Monday,2014-06,695
2014-07-01,2014,7,3,Tuesday,2014-07,680
2014-07-12,2014,7,3,Saturday,2014-07,676
2014-07-14,2014,7,3,Monday,2014-07,480
2014-07-17,2014,7,3,Thursday,2014-07,1164
2014-07-24,2014,7,3,Thursday,2014-07,677
2014-07-25,2014,7,3,Friday,2014-07,409
2014-07-30,2014,7,3,Wednesday,2014-07,889
2014-08-01,2014,8,3,Friday,2014-08,298
2014-08-04,2014,8,3,Monday,2014-08,678
2014-08-06,2014,8,3,Wednesday,2014-08,1018
2014-08-14,2014,8,3,Thursday,2014-08,696
2014-08-15,2014,8,3,Friday,2014-08,792
2014-08-18,2014,8,3,Monday,2014-08,679
2014-08-19,2014,8,3,Tuesday,2014-08,982
2014-08-28,2014,8,3,Thursday,2014-08,697
2014-08-29,2014,8,3,Friday,2014-08,890
2014-09-01,2014,9,3,Monday,2014-09,206
2014-09-11,2014,9,3,Thursday,2014-09,433
2014-09-25,2014,9,3,Thursday,2014-09,698
2014-10-05,2014,10,4,Sunday,2014-10,681
2014-10-21,2014,10,4,Tuesday,2014-10,365
2014-10-27,2014,10,4,Monday,2014-10,434
2014-11-01,2014,11,4,Saturday,2014-11,207
2014-11-17,2014,11,4,Monday,2014-11,267
2014-12-01,2014,12,4,Monday,2014-12,410
2014-12-04,2014,12,4,Thursday,2014-12,208
2014-12-08,2014,12,4,Monday,2014-12,435
2014-12-19,2014,12,4,Friday,2014-12,209
2015-01-07,2015,1,1,Wednesday,2015-01,481
2015-01-09,2015,1,1,Friday,2015-01,1119
2015-01-16,2015,1,1,Friday,2015-01,436
2015-01-19,2015,1,1,Monday,2015-01,437
2015-01-22,2015,1,1,Thursday,2015-01,482
2015-01-25,2015,1,1,Sunday,2015-01,366
2015-01-27,2015,1,1,Tuesday,2015-01,438
2015-02-01,2015,2,1,Sunday,2015-02,367
2015-02-02,2015,2,1,Monday,2015-02,268
2015-02-10,2015,2,1,Tuesday,2015-02,682
2015-02-16,2015,2,1,Monday,2015-02,210
2015-02-20,2015,2,1,Friday,2015-02,834
2015-02-23,2015,2,1,Monday,2015-02,269
2015-03-06,2015,3,1,Friday,2015-03,483
2015-03-10,2015,3,1,Tuesday,2015-03,439
2015-04-01,2015,4,2,Wednesday,2015-04,211
2015-04-09,2015,4,2,Thursday,2015-04,440
2015-04-16,2015,4,2,Thursday,2015-04,441
2015-04-24,2015,4,2,Friday,2015-04,452
2015-04-27,2015,4,2,Monday,2015-04,368
2015-05-04,2015,5,2,Monday,2015-05,453
2015-05-22,2015,5,2,Friday,2015-05,485
2015-05-29,2015,5,2,Friday,2015-05,484
2015-06-01,2015,6,2,Monday,2015-06,454
2015-06-11,2015,6,2,Thursday,2015-06,486
2015-06-20,2015,6,2,Saturday,2015-06,489
2015-06-22,2015,6,2,Monday,2015-06,683
2015-06-23,2015,6,2,Tuesday,2015-06,684
2015-06-25,2015,6,2,Thursday,2015-06,488
2015-06-27,2015,6,2,Saturday,2015-06,487
2015-06-28,2015,6,2,Sunday,2015-06,490
2015-07-06,2015,7,3,Monday,2015-07,939
2015-07-10,2015,7,3,Friday,2015-07,896
2015-07-22,2015,7,3,Wednesday,2015-07,411
2015-07-25,2015,7,3,Saturday,2015-07,412
2015-07-30,2015,7,3,Thursday,2015-07,940
2015-08-01,2015,8,3,Saturday,2015-08,327
2015-08-20,2015,8,3,Thursday,2015-08,491
2015-08-28,2015,8,3,Friday,2015-08,299
2015-09-01,2015,9,3,Tuesday,2015-09,1019
2015-09-09,2015,9,3,Wednesday,2015-09,270
2015-09-14,2015,9,3,Monday,2015-09,1187
2015-09-21,2015,9,3,Monday,2015-09,725
2015-09-25,2015,9,3,Friday,2015-09,1186
2015-09-28,2015,9,3,Monday,2015-09,897
2015-10-01,2015,10,4,Thursday,2015-10,942
2015-10-05,2015,10,4,Monday,2015-10,941
2015-10-10,2015,10,4,Saturday,2015-10,1020
2015-10-13,2015,10,4,Tuesday,2015-10,212
2015-10-29,2015,10,4,Thursday,2015-10,1021
2015-11-01,2015,11,4,Sunday,2015-11,369
2015-11-03,2015,11,4,Tuesday,2015-11,492
2015-11-13,2015,11,4,Friday,2015-11,493
2015-11-19,2015,11,4,Thursday,2015-11,943
2015-11-23,2015,11,4,Monday,2015-11,956
2015-12-03,2015,12,4,Thursday,2015-12,370
2015-12-18,2015,12,4,Friday,2015-12,413
2015-12-22,2015,12,4,Tuesday,2015-12,271
2015-12-23,2015,12,4,Wednesday,2015-12,726
2016-01-01,2016,1,1,Friday,2016-01,1022
2016-01-14,2016,1,1,Thursday,2016-01,983
2016-01-22,2016,1,1,Friday,2016-01,213
2016-02-08,2016,2,1,Monday,2016-02,685
2016-02-16,2016,2,1,Tuesday,2016-02,957
2016-02-17,2016,2,1,Wednesday,2016-02,414
2016-02-27,2016,2,1,Saturday,2016-02,686
2016-02-29,2016,2,1,Monday,2016-02,1143
2016-03-02,2016,3,1,Wednesday,2016-03,727
2016-03-10,2016,3,1,Thursday,2016-03,984
2016-03-15,2016,3,1,Tuesday,2016-03,985
2016-03-18,2016,3,1,Friday,2016-03,958
2016-03-21,2016,3,1,Monday,2016-03,687
2016-03-28,2016,3,1,Monday,2016-03,688
2016-03-30,2016,3,1,Wednesday,2016-03,328
2016-04-01,2016,4,2,Friday,2016-04,287
2016-04-18,2016,4,2,Monday,2016-04,272
2016-04-25,2016,4,2,Monday,2016-04,793
2016-05-01,2016,5,2,Sunday,2016-05,998
2016-05-12,2016,5,2,Thursday,2016-05,1165
2016-05-24,2016,5,2,Tuesday,2016-05,214
2016-05-25,2016,5,2,Wednesday,2016-05,881
2016-06-12,2016,6,2,Sunday,2016-06,972
2016-06-13,2016,6,2,Monday,2016-06,495
2016-06-15,2016,6,2,Wednesday,2016-06,794
2016-06-17,2016,6,2,Friday,2016-06,816
2016-06-20,2016,6,2,Monday,2016-06,835
2016-06-27,2016,6,2,Monday,2016-06,494
2016-07-15,2016,7,3,Friday,2016-07,371
2016-07-18,2016,7,3,Monday,2016-07,215
2016-07-31,2016,7,3,Sunday,2016-07,496
2016-08-08,2016,8,3,Monday,2016-08,497
2016-08-13,2016,8,3,Saturday,2016-08,498
2016-08-16,2016,8,3,Tuesday,2016-08,728
2016-08-20,2016,8,3,Saturday,2016-08,499
2016-08-24,2016,8,3,Wednesday,2016-08,372
2016-09-08,2016,9,3,Thursday,2016-09,817
2016-09-12,2016,9,3,Monday,2016-09,1166
2016-09-15,2016,9,3,Thursday,2016-09,729
2016-09-17,2016,9,3,Saturday,2016-09,500
2016-09-19,2016,9,3,Monday,2016-09,986
2016-11-02,2016,11,4,Wednesday,2016-11,501
2016-11-07,2016,11,4,Monday,2016-11,1023
2016-11-19,2016,11,4,Saturday,2016-11,689
2016-11-25,2016,11,4,Friday,2016-11,699
2016-11-29,2016,11,4,Tuesday,2016-11,882
2016-12-01,2016,12,4,Thursday,2016-12,1120
2016-12-11,2016,12,4,Sunday,2016-12,502
2016-12-26,2016,12,4,Monday,2016-12,898
2016-12-28,2016,12,4,Wednesday,2016-12,701
2016-12-30,2016,12,4,Friday,2016-12,700
2017-01-01,2017,1,1,Sunday,2017-01,503
2017-01-04,2017,1,1,Wednesday,2017-01,705
2017-01-08,2017,1,1,Sunday,2017-01,704
2017-01-09,2017,1,1,Monday,2017-01,703
2017-01-12,2017,1,1,Thursday,2017-01,702
2017-01-18,2017,1,1,Wednesday,2017-01,216
2017-01-19,2017,1,1,Thursday,2017-01,217
2017-01-23,2017,1,1,Monday,2017-01,1176
2017-01-24,2017,1,1,Tuesday,2017-01,288
2017-02-01,2017,2,1,Wednesday,2017-02,415
2017-02-07,2017,2,1,Tuesday,2017-02,1177
2017-02-14,2017,2,1,Tuesday,2017-02,504
2017-02-15,2017,2,1,Wednesday,2017-02,373
2017-03-01,2017,3,1,Wednesday,2017-03,505
2017-03-17,2017,3,1,Friday,2017-03,829
2017-03-22,2017,3,1,Wednesday,2017-03,836
2017-03-27,2017,3,1,Monday,2017-03,883
2017-03-28,2017,3,1,Tuesday,2017-03,830
2017-04-01,2017,4,2,Saturday,2017-04,416
2017-04-07,2017,4,2,Friday,2017-04,831
2017-04-11,2017,4,2,Tuesday,2017-04,884
2017-04-12,2017,4,2,Wednesday,2017-04,832
2017-04-17,2017,4,2,Monday,2017-04,273
2017-04-27,2017,4,2,Thursday,2017-04,837
2017-05-18,2017,5,2,Thursday,2017-05,838
2017-05-24,2017,5,2,Wednesday,2017-05,848
2017-05-31,2017,5,2,Wednesday,2017-05,274
2017-06-03,2017,6,2,Saturday,2017-06,839
2017-06-05,2017,6,2,Monday,2017-06,730
2017-06-11,2017,6,2,Sunday,2017-06,706
2017-06-12,2017,6,2,Monday,2017-06,849
2017-06-22,2017,6,2,Thursday,2017-06,218
2017-07-04,2017,7,3,Tuesday,2017-07,1167
2017-07-26,2017,7,3,Wednesday,2017-07,850
2017-08-02,2017,8,3,Wednesday,2017-08,506
2017-08-04,2017,8,3,Friday,2017-08,220
2017-08-10,2017,8,3,Thursday,2017-08,851
2017-08-15,2017,8,3,Tuesday,2017-08,707
2017-08-17,2017,8,3,Thursday,2017-08,417
2017-08-18,2017,8,3,Friday,2017-08,731
2017-08-30,2017,8,3,Wednesday,2017-08,708
2017-09-01,2017,9,3,Friday,2017-09,507
2017-09-06,2017,9,3,Wednesday,2017-09,1188
2017-10-03,2017,10,4,Tuesday,2017-10,275
2017-10-04,2017,10,4,Wednesday,2017-10,508
2017-10-09,2017,10,4,Monday,2017-10,1168
2017-10-10,2017,10,4,Tuesday,2017-10,1093
2017-10-11,2017,10,4,Wednesday,2017-10,243
2017-10-12,2017,10,4,Thursday,2017-10,919
2017-10-17,2017,10,4,Tuesday,2017-10,1189
2017-10-30,2017,10,4,Monday,2017-10,221
2017-11-13,2017,11,4,Monday,2017-11,709
2017-11-20,2017,11,4,Monday,2017-11,1178
2017-11-23,2017,11,4,Thursday,2017-11,1129
2017-11-24,2017,11,4,Friday,2017-11,987
2017-12-01,2017,12,4,Friday,2017-12,920
2017-12-04,2017,12,4,Monday,2017-12,988
2017-12-15,2017,12,4,Friday,2017-12,1169
2017-12-21,2017,12,4,Thursday,2017-12,509
2017-12-23,2017,12,4,Saturday,2017-12,712
2017-12-25,2017,12,4,Monday,2017-12,711
2017-12-28,2017,12,4,Thursday,2017-12,710
2018-01-01,2018,1,1,Monday,2018-01,1190
2018-01-03,2018,1,1,Wednesday,2018-01,714
2018-01-08,2018,1,1,Monday,2018-01,713
2018-01-16,2018,1,1,Tuesday,2018-01,885
2018-01-17,2018,1,1,Wednesday,2018-01,886
2018-02-06,2018,2,1,Tuesday,2018-02,795
2018-02-17,2018,2,1,Saturday,2018-02,715
2018-02-25,2018,2,1,Sunday,2018-02,852
2018-03-13,2018,3,1,Tuesday,2018-03,510
2018-03-27,2018,3,1,Tuesday,2018-03,853
2018-04-01,2018,4,2,Sunday,2018-04,921
2018-04-05,2018,4,2,Thursday,2018-04,511
2018-04-09,2018,4,2,Monday,2018-04,1024
2018-04-14,2018,4,2,Saturday,2018-04,854
2018-04-21,2018,4,2,Saturday,2018-04,796
2018-04-23,2018,4,2,Monday,2018-04,891
2018-05-14,2018,5,2,Monday,2018-05,840
2018-05-16,2018,5,2,Wednesday,2018-05,989
2018-05-22,2018,5,2,Tuesday,2018-05,1132
2018-05-25,2018,5,2,Friday,2018-05,892
2018-05-28,2018,5,2,Monday,2018-05,716
2018-06-01,2018,6,2,Friday,2018-06,1000
2018-06-08,2018,6,2,Friday,2018-06,855
2018-06-18,2018,6,2,Monday,2018-06,893
2018-06-19,2018,6,2,Tuesday,2018-06,999
2018-06-27,2018,6,2,Wednesday,2018-06,185
2018-07-01,2018,7,3,Sunday,2018-07,922
2018-07-05,2018,7,3,Thursday,2018-07,717
2018-07-20,2018,7,3,Friday,2018-07,512
2018-07-30,2018,7,3,Monday,2018-07,990
2018-08-09,2018,8,3,Thursday,2018-08,513
2018-08-10,2018,8,3,Friday,2018-08,1170
2018-08-13,2018,8,3,Monday,2018-08,841
2018-08-15,2018,8,3,Wednesday,2018-08,856
2018-08-16,2018,8,3,Thursday,2018-08,222
2018-08-20,2018,8,3,Monday,2018-08,718
2018-08-27,2018,8,3,Monday,2018-08,719
2018-08-28,2018,8,3,Tuesday,2018-08,894
2018-08-31,2018,8,3,Friday,2018-08,1171
2018-09-05,2018,9,3,Wednesday,2018-09,857
2018-09-14,2018,9,3,Friday,2018-09,991
2018-10-01,2018,10,4,Monday,2018-10,923
2018-10-03,2018,10,4,Wednesday,2018-10,858
2018-10-05,2018,10,4,Friday,2018-10,514
2018-10-08,2018,10,4,Monday,2018-10,895
2018-10-15,2018,10,4,Monday,2018-10,1149
2018-10-20,2018,10,4,Saturday,2018-10,1025
2018-10-21,2018,10,4,Sunday,2018-10,859
2018-10-24,2018,10,4,Wednesday,2018-10,1026
2018-10-26,2018,10,4,Friday,2018-10,223
2018-11-07,2018,11,4,Wednesday,2018-11,329
2018-11-12,2018,11,4,Monday,2018-11,1150
2018-12-01,2018,12,4,Saturday,2018-12,860
2018-12-09,2018,12,4,Sunday,2018-12,994
2018-12-17,2018,12,4,Monday,2018-12,720
2018-12-20,2018,12,4,Thursday,2018-12,861
2018-12-24,2018,12,4,Monday,2018-12,515
2018-12-25,2018,12,4,Tuesday,2018-12,721
2018-12-26,2018,12,4,Wednesday,2018-12,724
2018-12-27,2018,12,4,Thursday,2018-12,723
2018-12-29,2018,12,4,Saturday,2018-12,722
2019-01-01,2019,1,1,Tuesday,2019-01,517
2019-01-02,2019,1,1,Wednesday,2019-01,749
2019-01-04,2019,1,1,Friday,2019-01,751
2019-01-06,2019,1,1,Sunday,2019-01,750
2019-01-14,2019,1,1,Monday,2019-01,752
2019-01-18,2019,1,1,Friday,2019-01,1027
2019-01-21,2019,1,1,Monday,2019-01,818
2019-01-30,2019,1,1,Wednesday,2019-01,557
2019-02-01,2019,2,1,Friday,2019-02,862
2019-02-02,2019,2,1,Saturday,2019-02,516
2019-02-11,2019,2,1,Monday,2019-02,1191
2019-02-13,2019,2,1,Wednesday,2019-02,224
2019-02-20,2019,2,1,Wednesday,2019-02,558
2019-02-27,2019,2,1,Wednesday,2019-02,863
2019-03-01,2019,3,1,Friday,2019-03,376
2019-03-15,2019,3,1,Friday,2019-03,753
2019-04-01,2019,4,2,Monday,2019-04,518
2019-04-04,2019,4,2,Thursday,2019-04,225
2019-04-10,2019,4,2,Wednesday,2019-04,244
2019-04-14,2019,4,2,Sunday,2019-04,732
2019-04-22,2019,4,2,Monday,2019-04,1172
2019-04-26,2019,4,2,Friday,2019-04,1106
2019-05-01,2019,5,2,Wednesday,2019-05,924
2019-05-13,2019,5,2,Monday,2019-05,1192
2019-05-20,2019,5,2,Monday,2019-05,330
2019-06-08,2019,6,2,Saturday,2019-06,733
2019-06-14,2019,6,2,Friday,2019-06,276
2019-06-22,2019,6,2,Saturday,2019-06,754
2019-06-26,2019,6,2,Wednesday,2019-06,559
2019-07-01,2019,7,3,Monday,2019-07,519
2019-07-02,2019,7,3,Tuesday,2019-07,789
2019-07-03,2019,7,3,Wednesday,2019-07,842
2019-07-04,2019,7,3,Thursday,2019-07,756
2019-07-07,2019,7,3,Sunday,2019-07,755
2019-07-10,2019,7,3,Wednesday,2019-07,1103
2019-07-15,2019,7,3,Monday,2019-07,843
2019-07-19,2019,7,3,Friday,2019-07,819
2019-07-31,2019,7,3,Wednesday,2019-07,1193
2019-08-01,2019,8,3,Thursday,2019-08,1118
2019-08-02,2019,8,3,Friday,2019-08,844
2019-08-07,2019,8,3,Wednesday,2019-08,520
2019-08-08,2019,8,3,Thursday,2019-08,1008
2019-08-09,2019,8,3,Friday,2019-08,1151
2019-08-19,2019,8,3,Monday,2019-08,1107
2019-08-20,2019,8,3,Tuesday,2019-08,734
2019-08-21,2019,8,3,Wednesday,2019-08,521
2019-09-01,2019,9,3,Sunday,2019-09,925
2019-09-02,2019,9,3,Monday,2019-09,226
2019-09-09,2019,9,3,Monday,2019-09,1152
2019-09-18,2019,9,3,Wednesday,2019-09,820
2019-09-19,2019,9,3,Thursday,2019-09,300
2019-09-25,2019,9,3,Wednesday,2019-09,864
2019-10-07,2019,10,4,Monday,2019-10,735
2019-10-10,2019,10,4,Thursday,2019-10,1173
2019-10-14,2019,10,4,Monday,2019-10,377
2019-10-16,2019,10,4,Wednesday,2019-10,865
2019-10-23,2019,10,4,Wednesday,2019-10,378
2019-11-06,2019,11,4,Wednesday,2019-11,1194
2019-11-12,2019,11,4,Tuesday,2019-11,1001
2019-11-13,2019,11,4,Wednesday,2019-11,560
2019-11-18,2019,11,4,Monday,2019-11,522
2019-11-21,2019,11,4,Thursday,2019-11,1009
2019-11-22,2019,11,4,Friday,2019-11,757
2019-11-25,2019,11,4,Monday,2019-11,561
2019-11-27,2019,11,4,Wednesday,2019-11,562
2019-11-29,2019,11,4,Friday,2019-11,992
2019-12-01,2019,12,4,Sunday,2019-12,380
2019-12-03,2019,12,4,Tuesday,2019-12,379
2019-12-04,2019,12,4,Wednesday,2019-12,821
2019-12-05,2019,12,4,Thursday,2019-12,401
2019-12-10,2019,12,4,Tuesday,2019-12,442
2019-12-16,2019,12,4,Monday,2019-12,523
2019-12-19,2019,12,4,Thursday,2019-12,443
2019-12-25,2019,12,4,Wednesday,2019-12,736
2019-12-26,2019,12,4,Thursday,2019-12,758
2019-12-27,2019,12,4,Friday,2019-12,737
2020-01-01,2020,1,1,Wednesday,2020-01,381
2020-01-02,2020,1,1,Thursday,2020-01,760
2020-01-03,2020,1,1,Friday,2020-01,227
2020-01-07,2020,1,1,Tuesday,2020-01,524
2020-01-10,2020,1,1,Friday,2020-01,1195
2020-01-13,2020,1,1,Monday,2020-01,761
2020-01-14,2020,1,1,Tuesday,2020-01,738
2020-01-21,2020,1,1,Tuesday,2020-01,228
2020-01-23,2020,1,1,Thursday,2020-01,759
2020-01-24,2020,1,1,Friday,2020-01,229
2020-01-29,2020,1,1,Wednesday,2020-01,1137
2020-02-01,2020,2,1,Saturday,2020-02,926
2020-02-04,2020,2,1,Tuesday,2020-02,762
2020-02-13,2020,2,1,Thursday,2020-02,866
2020-02-18,2020,2,1,Tuesday,2020-02,444
2020-02-21,2020,2,1,Friday,2020-02,386
2020-02-22,2020,2,1,Saturday,2020-02,790
2020-02-25,2020,2,1,Tuesday,2020-02,764
2020-02-26,2020,2,1,Wednesday,2020-02,763
2020-02-27,2020,2,1,Thursday,2020-02,445
2020-03-01,2020,3,1,Sunday,2020-03,525
2020-03-09,2020,3,1,Monday,2020-03,765
2020-03-11,2020,3,1,Wednesday,2020-03,797
2020-03-12,2020,3,1,Thursday,2020-03,390
2020-03-18,2020,3,1,Wednesday,2020-03,245
2020-03-20,2020,3,1,Friday,2020-03,588
2020-03-29,2020,3,1,Sunday,2020-03,973
2020-04-03,2020,4,2,Friday,2020-04,993
2020-04-09,2020,4,2,Thursday,2020-04,739
2020-04-23,2020,4,2,Thursday,2020-04,845
2020-04-29,2020,4,2,Wednesday,2020-04,846
2020-05-02,2020,5,2,Saturday,2020-05,526
2020-05-04,2020,5,2,Monday,2020-05,899
2020-05-08,2020,5,2,Friday,2020-05,847
2020-05-27,2020,5,2,Wednesday,2020-05,1104
2020-06-03,2020,6,2,Wednesday,2020-06,301
2020-06-11,2020,6,2,Thursday,2020-06,527
2020-06-24,2020,6,2,Wednesday,2020-06,563
2020-06-25,2020,6,2,Thursday,2020-06,1133
2020-07-12,2020,7,3,Sunday,2020-07,528
2020-07-13,2020,7,3,Monday,2020-07,529
2020-07-14,2020,7,3,Tuesday,2020-07,1196
2020-07-20,2020,7,3,Monday,2020-07,867
2020-07-25,2020,7,3,Saturday,2020-07,391
2020-07-27,2020,7,3,Monday,2020-07,1028
2020-07-30,2020,7,3,Thursday,2020-07,394
2020-08-01,2020,8,3,Saturday,2020-08,277
2020-08-07,2020,8,3,Friday,2020-08,531
2020-08-10,2020,8,3,Monday,2020-08,564
2020-08-11,2020,8,3,Tuesday,2020-08,446
2020-08-14,2020,8,3,Friday,2020-08,1139
2020-08-16,2020,8,3,Sunday,2020-08,530
2020-08-18,2020,8,3,Tuesday,2020-08,766
2020-08-21,2020,8,3,Friday,2020-08,302
2020-09-01,2020,9,3,Tuesday,2020-09,1002
2020-09-15,2020,9,3,Tuesday,2020-09,455
2020-09-16,2020,9,3,Wednesday,2020-09,767
2020-09-21,2020,9,3,Monday,2020-09,1197
2020-09-22,2020,9,3,Tuesday,2020-09,303
2020-09-24,2020,9,3,Thursday,2020-09,456
2020-09-28,2020,9,3,Monday,2020-09,1085
2020-10-01,2020,10,4,Thursday,2020-10,768
2020-10-05,2020,10,4,Monday,2020-10,1066
2020-10-08,2020,10,4,Thursday,2020-10,769
2020-10-15,2020,10,4,Thursday,2020-10,289
2020-10-17,2020,10,4,Saturday,2020-10,395
2020-10-24,2020,10,4,Saturday,2020-10,1121
2020-11-03,2020,11,4,Tuesday,2020-11,740
2020-11-04,2020,11,4,Wednesday,2020-11,398
2020-11-06,2020,11,4,Friday,2020-11,1094
2020-11-20,2020,11,4,Friday,2020-11,532
2020-11-23,2020,11,4,Monday,2020-11,399
2020-12-01,2020,12,4,Tuesday,2020-12,1199
2020-12-03,2020,12,4,Thursday,2020-12,741
2020-12-07,2020,12,4,Monday,2020-12,186
2020-12-12,2020,12,4,Saturday,2020-12,1198
2020-12-14,2020,12,4,Monday,2020-12,304
2020-12-21,2020,12,4,Monday,2020-12,457
2020-12-26,2020,12,4,Saturday,2020-12,995
2021-01-01,2021,1,1,Friday,2021-01,927
2021-01-11,2021,1,1,Monday,2021-01,1029
2021-01-13,2021,1,1,Wednesday,2021-01,402
2021-01-14,2021,1,1,Thursday,2021-01,565
2021-01-22,2021,1,1,Friday,2021-01,1086
2021-02-01,2021,2,1,Monday,2021-02,533
2021-02-02,2021,2,1,Tuesday,2021-02,1067
2021-02-03,2021,2,1,Wednesday,2021-02,458
2021-02-05,2021,2,1,Friday,2021-02,1108
2021-02-09,2021,2,1,Tuesday,2021-02,908
2021-02-25,2021,2,1,Thursday,2021-02,566
2021-03-01,2021,3,1,Monday,2021-03,1138
2021-03-05,2021,3,1,Friday,2021-03,974
2021-03-09,2021,3,1,Tuesday,2021-03,928
2021-03-10,2021,3,1,Wednesday,2021-03,1030
2021-03-11,2021,3,1,Thursday,2021-03,290
2021-03-12,2021,3,1,Friday,2021-03,1031
2021-03-16,2021,3,1,Tuesday,2021-03,1032
2021-03-18,2021,3,1,Thursday,2021-03,1033
2021-03-20,2021,3,1,Saturday,2021-03,1034
2021-03-21,2021,3,1,Sunday,2021-03,1035
2021-03-23,2021,3,1,Tuesday,2021-03,1036
2021-03-25,2021,3,1,Thursday,2021-03,459
2021-03-26,2021,3,1,Friday,2021-03,1037
2021-03-30,2021,3,1,Tuesday,2021-03,567
2021-04-02,2021,4,2,Friday,2021-04,742
2021-04-03,2021,4,2,Saturday,2021-04,1038
2021-04-05,2021,4,2,Monday,2021-04,1039
2021-04-06,2021,4,2,Tuesday,2021-04,1040
2021-04-07,2021,4,2,Wednesday,2021-04,1041
2021-04-08,2021,4,2,Thursday,2021-04,1044
2021-04-09,2021,4,2,Friday,2021-04,1043
2021-04-10,2021,4,2,Saturday,2021-04,1042
2021-04-12,2021,4,2,Monday,2021-04,1045
2021-04-13,2021,4,2,Tuesday,2021-04,1046
2021-04-14,2021,4,2,Wednesday,2021-04,909
2021-04-26,2021,4,2,Monday,2021-04,913
2021-05-10,2021,5,2,Monday,2021-05,1153
2021-05-11,2021,5,2,Tuesday,2021-05,460
2021-05-16,2021,5,2,Sunday,2021-05,914
2021-05-18,2021,5,2,Tuesday,2021-05,822
2021-05-20,2021,5,2,Thursday,2021-05,900
2021-05-25,2021,5,2,Tuesday,2021-05,743
2021-05-27,2021,5,2,Thursday,2021-05,1144
2021-06-01,2021,6,2,Tuesday,2021-06,535
2021-06-08,2021,6,2,Tuesday,2021-06,1200
2021-06-10,2021,6,2,Thursday,2021-06,534
2021-06-14,2021,6,2,Monday,2021-06,1047
2021-06-16,2021,6,2,Wednesday,2021-06,1087
2021-06-17,2021,6,2,Thursday,2021-06,770
2021-06-28,2021,6,2,Monday,2021-06,868
2021-07-01,2021,7,3,Thursday,2021-07,1122
2021-07-02,2021,7,3,Friday,2021-07,1095
2021-07-11,2021,7,3,Sunday,2021-07,869
2021-07-14,2021,7,3,Wednesday,2021-07,305
2021-08-01,2021,8,3,Sunday,2021-08,1051
2021-08-02,2021,8,3,Monday,2021-08,1201
2021-08-05,2021,8,3,Thursday,2021-08,461
2021-08-09,2021,8,3,Monday,2021-08,568
2021-08-10,2021,8,3,Tuesday,2021-08,1048
2021-08-11,2021,8,3,Wednesday,2021-08,306
2021-08-16,2021,8,3,Monday,2021-08,1049
2021-08-17,2021,8,3,Tuesday,2021-08,823
2021-08-18,2021,8,3,Wednesday,2021-08,773
2021-08-19,2021,8,3,Thursday,2021-08,230
2021-08-24,2021,8,3,Tuesday,2021-08,744
2021-08-26,2021,8,3,Thursday,2021-08,569
2021-08-29,2021,8,3,Sunday,2021-08,1050
2021-09-01,2021,9,3,Wednesday,2021-09,536
2021-09-06,2021,9,3,Monday,2021-09,1174
2021-09-08,2021,9,3,Wednesday,2021-09,870
2021-09-13,2021,9,3,Monday,2021-09,1052
2021-09-29,2021,9,3,Wednesday,2021-09,916
2021-10-01,2021,10,4,Friday,2021-10,1003
2021-10-04,2021,10,4,Monday,2021-10,1053
2021-10-05,2021,10,4,Tuesday,2021-10,570
2021-10-07,2021,10,4,Thursday,2021-10,944
2021-10-11,2021,10,4,Monday,2021-10,537
2021-10-20,2021,10,4,Wednesday,2021-10,538
2021-10-25,2021,10,4,Monday,2021-10,774
2021-11-01,2021,11,4,Monday,2021-11,539
2021-11-03,2021,11,4,Wednesday,2021-11,1100
2021-11-05,2021,11,4,Friday,2021-11,1202
2021-11-16,2021,11,4,Tuesday,2021-11,871
2021-11-17,2021,11,4,Wednesday,2021-11,278
2021-11-19,2021,11,4,Friday,2021-11,1123
2021-11-22,2021,11,4,Monday,2021-11,872
2021-11-23,2021,11,4,Tuesday,2021-11,1088
2021-11-24,2021,11,4,Wednesday,2021-11,1212
2021-11-25,2021,11,4,Thursday,2021-11,945
2021-12-01,2021,12,4,Wednesday,2021-12,873
2021-12-06,2021,12,4,Monday,2021-12,1054
2021-12-10,2021,12,4,Friday,2021-12,1069
2021-12-14,2021,12,4,Tuesday,2021-12,1207
2021-12-16,2021,12,4,Thursday,2021-12,187
2021-12-19,2021,12,4,Sunday,2021-12,1055
2021-12-20,2021,12,4,Monday,2021-12,1056
2021-12-22,2021,12,4,Wednesday,2021-12,775
2021-12-24,2021,12,4,Friday,2021-12,1203
2022-01-01,2022,1,1,Saturday,2022-01,540
2022-01-03,2022,1,1,Monday,2022-01,382
2022-01-05,2022,1,1,Wednesday,2022-01,383
2022-01-06,2022,1,1,Thursday,2022-01,384
2022-01-11,2022,1,1,Tuesday,2022-01,307
2022-01-12,2022,1,1,Wednesday,2022-01,1057
2022-01-13,2022,1,1,Thursday,2022-01,541
2022-01-14,2022,1,1,Friday,2022-01,385
2022-01-16,2022,1,1,Sunday,2022-01,188
2022-02-02,2022,2,1,Wednesday,2022-02,1140
2022-02-06,2022,2,1,Sunday,2022-02,576
2022-02-09,2022,2,1,Wednesday,2022-02,946
2022-02-15,2022,2,1,Tuesday,2022-02,189
2022-02-21,2022,2,1,Monday,2022-02,1208
2022-02-22,2022,2,1,Tuesday,2022-02,577
2022-02-25,2022,2,1,Friday,2022-02,1089
2022-03-01,2022,3,1,Tuesday,2022-03,542
2022-03-02,2022,3,1,Wednesday,2022-03,578
2022-03-03,2022,3,1,Thursday,2022-03,231
2022-03-09,2022,3,1,Wednesday,2022-03,1090
2022-03-11,2022,3,1,Friday,2022-03,232
2022-03-15,2022,3,1,Tuesday,2022-03,745
2022-03-21,2022,3,1,Monday,2022-03,1058
2022-03-22,2022,3,1,Tuesday,2022-03,387
2022-03-23,2022,3,1,Wednesday,2022-03,543
2022-03-24,2022,3,1,Thursday,2022-03,308
2022-03-25,2022,3,1,Friday,2022-03,1124
2022-03-29,2022,3,1,Tuesday,2022-03,1209
2022-03-30,2022,3,1,Wednesday,2022-03,1116
2022-04-01,2022,4,2,Friday,2022-04,947
2022-04-13,2022,4,2,Wednesday,2022-04,233
2022-04-21,2022,4,2,Thursday,2022-04,1059
2022-04-22,2022,4,2,Friday,2022-04,190
2022-04-25,2022,4,2,Monday,2022-04,579
2022-04-27,2022,4,2,Wednesday,2022-04,1154
2022-04-29,2022,4,2,Friday,2022-04,746
2022-05-01,2022,5,2,Sunday,2022-05,1004
2022-05-03,2022,5,2,Tuesday,2022-05,234
2022-05-04,2022,5,2,Wednesday,2022-05,1145
2022-05-05,2022,5,2,Thursday,2022-05,250
2022-05-06,2022,5,2,Friday,2022-05,392
2022-05-10,2022,5,2,Tuesday,2022-05,776
2022-05-17,2022,5,2,Tuesday,2022-05,309
2022-05-18,2022,5,2,Wednesday,2022-05,1060
2022-05-19,2022,5,2,Thursday,2022-05,1155
2022-05-23,2022,5,2,Monday,2022-05,1091
2022-05-24,2022,5,2,Tuesday,2022-05,580
2022-05-31,2022,5,2,Tuesday,2022-05,948
2022-06-01,2022,6,2,Wednesday,2022-06,544
2022-06-06,2022,6,2,Monday,2022-06,393
2022-06-13,2022,6,2,Monday,2022-06,396
2022-06-20,2022,6,2,Monday,2022-06,545
2022-06-21,2022,6,2,Tuesday,2022-06,191
2022-06-22,2022,6,2,Wednesday,2022-06,253
2022-06-24,2022,6,2,Friday,2022-06,1134
2022-06-28,2022,6,2,Tuesday,2022-06,235
2022-07-01,2022,7,3,Friday,2022-07,824
2022-07-05,2022,7,3,Tuesday,2022-07,192
2022-07-11,2022,7,3,Monday,2022-07,1204
2022-07-21,2022,7,3,Thursday,2022-07,1135
2022-07-25,2022,7,3,Monday,2022-07,236
2022-07-26,2022,7,3,Tuesday,2022-07,747
2022-07-27,2022,7,3,Wednesday,2022-07,748
2022-07-30,2022,7,3,Saturday,2022-07,777
2022-08-01,2022,8,3,Monday,2022-08,929
2022-08-04,2022,8,3,Thursday,2022-08,1130
2022-08-09,2022,8,3,Tuesday,2022-08,901
2022-08-11,2022,8,3,Thursday,2022-08,778
2022-08-13,2022,8,3,Saturday,2022-08,1070
2022-08-15,2022,8,3,Monday,2022-08,902
2022-08-16,2022,8,3,Tuesday,2022-08,779
2022-08-17,2022,8,3,Wednesday,2022-08,279
2022-08-19,2022,8,3,Friday,2022-08,1062
2022-08-20,2022,8,3,Saturday,2022-08,1061
2022-08-24,2022,8,3,Wednesday,2022-08,825
2022-08-26,2022,8,3,Friday,2022-08,781
2022-08-27,2022,8,3,Saturday,2022-08,903
2022-08-29,2022,8,3,Monday,2022-08,1156
2022-08-30,2022,8,3,Tuesday,2022-08,424
2022-09-06,2022,9,3,Tuesday,2022-09,1125
2022-09-07,2022,9,3,Wednesday,2022-09,1071
2022-09-15,2022,9,3,Thursday,2022-09,310
2022-09-16,2022,9,3,Friday,2022-09,780
2022-09-18,2022,9,3,Sunday,2022-09,1063
2022-09-19,2022,9,3,Monday,2022-09,403
2022-09-21,2022,9,3,Wednesday,2022-09,404
2022-09-22,2022,9,3,Thursday,2022-09,571
2022-09-24,2022,9,3,Saturday,2022-09,798
2022-09-25,2022,9,3,Sunday,2022-09,799
2022-10-01,2022,10,4,Saturday,2022-10,237
2022-10-03,2022,10,4,Monday,2022-10,581
2022-10-06,2022,10,4,Thursday,2022-10,783
2022-10-09,2022,10,4,Sunday,2022-10,1064
2022-10-11,2022,10,4,Tuesday,2022-10,782
2022-10-12,2022,10,4,Wednesday,2022-10,800
2022-10-17,2022,10,4,Monday,2022-10,546
2022-10-19,2022,10,4,Wednesday,2022-10,405
2022-10-20,2022,10,4,Thursday,2022-10,238
2022-10-21,2022,10,4,Friday,2022-10,1175
2022-10-24,2022,10,4,Monday,2022-10,1117
2022-10-25,2022,10,4,Tuesday,2022-10,1131
2022-10-28,2022,10,4,Friday,2022-10,425
2022-11-01,2022,11,4,Tuesday,2022-11,406
2022-11-08,2022,11,4,Tuesday,2022-11,280
2022-11-10,2022,11,4,Thursday,2022-11,547
2022-11-14,2022,11,4,Monday,2022-11,582
2022-11-21,2022,11,4,Monday,2022-11,905
2022-11-22,2022,11,4,Tuesday,2022-11,826
2022-11-23,2022,11,4,Wednesday,2022-11,906
2022-11-25,2022,11,4,Friday,2022-11,193
2022-11-28,2022,11,4,Monday,2022-11,907
2022-11-29,2022,11,4,Tuesday,2022-11,239
2022-12-01,2022,12,4,Thursday,2022-12,548
2022-12-02,2022,12,4,Friday,2022-12,910
2022-12-06,2022,12,4,Tuesday,2022-12,1141
2022-12-07,2022,12,4,Wednesday,2022-12,251
2022-12-12,2022,12,4,Monday,2022-12,1096
2022-12-14,2022,12,4,Wednesday,2022-12,911
2022-12-19,2022,12,4,Monday,2022-12,1097
2022-12-21,2022,12,4,Wednesday,2022-12,311
2022-12-22,2022,12,4,Thursday,2022-12,194
2022-12-23,2022,12,4,Friday,2022-12,583
2022-12-27,2022,12,4,Tuesday,2022-12,912
2022-12-31,2022,12,4,Saturday,2022-12,426
2023-01-01,2023,1,1,Sunday,2023-01,418
2023-01-02,2023,1,1,Monday,2023-01,1098
2023-01-03,2023,1,1,Tuesday,2023-01,771
2023-01-04,2023,1,1,Wednesday,2023-01,801
2023-01-05,2023,1,1,Thursday,2023-01,904
2023-01-09,2023,1,1,Monday,2023-01,312
2023-01-16,2023,1,1,Monday,2023-01,313
2023-01-17,2023,1,1,Tuesday,2023-01,1205
2023-01-18,2023,1,1,Wednesday,2023-01,584
2023-01-19,2023,1,1,Thursday,2023-01,1099
2023-01-20,2023,1,1,Friday,2023-01,802
2023-01-21,2023,1,1,Saturday,2023-01,585
2023-01-23,2023,1,1,Monday,2023-01,784
2023-01-24,2023,1,1,Tuesday,2023-01,314
2023-01-27,2023,1,1,Friday,2023-01,1211
2023-01-30,2023,1,1,Monday,2023-01,467
2023-02-03,2023,2,1,Friday,2023-02,803
2023-02-04,2023,2,1,Saturday,2023-02,1065
2023-02-07,2023,2,1,Tuesday,2023-02,785
2023-02-11,2023,2,1,Saturday,2023-02,1068
2023-02-14,2023,2,1,Tuesday,2023-02,959
2023-02-15,2023,2,1,Wednesday,2023-02,427
2023-02-16,2023,2,1,Thursday,2023-02,195
2023-02-17,2023,2,1,Friday,2023-02,804
2023-02-22,2023,2,1,Wednesday,2023-02,1101
2023-02-23,2023,2,1,Thursday,2023-02,1157
2023-02-24,2023,2,1,Friday,2023-02,1109
2023-02-27,2023,2,1,Monday,2023-02,915
2023-02-28,2023,2,1,Tuesday,2023-02,281
2023-03-01,2023,3,1,Wednesday,2023-03,550
2023-03-05,2023,3,1,Sunday,2023-03,1110
2023-03-07,2023,3,1,Tuesday,2023-03,549
2023-03-08,2023,3,1,Wednesday,2023-03,827
2023-03-13,2023,3,1,Monday,2023-03,1136
2023-03-14,2023,3,1,Tuesday,2023-03,331
2023-03-16,2023,3,1,Thursday,2023-03,1126
2023-03-17,2023,3,1,Friday,2023-03,805
2023-03-18,2023,3,1,Saturday,2023-03,1111
2023-03-19,2023,3,1,Sunday,2023-03,1127
2023-03-20,2023,3,1,Monday,2023-03,240
2023-03-28,2023,3,1,Tuesday,2023-03,315
2023-03-29,2023,3,1,Wednesday,2023-03,996
2023-03-30,2023,3,1,Thursday,2023-03,586
2023-04-01,2023,4,2,Saturday,2023-04,551
2023-04-05,2023,4,2,Wednesday,2023-04,787
2023-04-09,2023,4,2,Sunday,2023-04,786
2023-04-10,2023,4,2,Monday,2023-04,241
2023-04-11,2023,4,2,Tuesday,2023-04,196
2023-04-14,2023,4,2,Friday,2023-04,374
2023-04-16,2023,4,2,Sunday,2023-04,419
2023-04-18,2023,4,2,Tuesday,2023-04,197
2023-04-20,2023,4,2,Thursday,2023-04,960
2023-04-21,2023,4,2,Friday,2023-04,462
2023-04-23,2023,4,2,Sunday,2023-04,1112
2023-04-24,2023,4,2,Monday,2023-04,828
2023-04-25,2023,4,2,Tuesday,2023-04,1105
2023-04-26,2023,4,2,Wednesday,2023-04,1210
2023-04-29,2023,4,2,Saturday,2023-04,252
2023-04-30,2023,4,2,Sunday,2023-04,572
2023-05-01,2023,5,2,Monday,2023-05,552
2023-05-02,2023,5,2,Tuesday,2023-05,22
2023-05-03,2023,5,2,Wednesday,2023-05,198
2023-05-04,2023,5,2,Thursday,2023-05,316
2023-05-05,2023,5,2,Friday,2023-05,375
2023-05-06,2023,5,2,Saturday,2023-05,1102
2023-05-10,2023,5,2,Wednesday,2023-05,1113
2023-05-15,2023,5,2,Monday,2023-05,788
2023-05-16,2023,5,2,Tuesday,2023-05,317
2023-05-17,2023,5,2,Wednesday,2023-05,553
2023-05-21,2023,5,2,Sunday,2023-05,806
2023-05-22,2023,5,2,Monday,2023-05,388
2023-05-23,2023,5,2,Tuesday,2023-05,318
2023-05-25,2023,5,2,Thursday,2023-05,1142
2023-05-29,2023,5,2,Monday,2023-05,319
2023-05-30,2023,5,2,Tuesday,2023-05,421
2023-05-31,2023,5,2,Wednesday,2023-05,466
2023-06-01,2023,6,2,Thursday,2023-06,242
2023-06-02,2023,6,2,Friday,2023-06,555
2023-06-05,2023,6,2,Monday,2023-06,389
2023-06-06,2023,6,2,Tuesday,2023-06,554
2023-06-07,2023,6,2,Wednesday,2023-06,282
2023-06-09,2023,6,2,Friday,2023-06,420
2023-06-12,2023,6,2,Monday,2023-06,199
2023-06-13,2023,6,2,Tuesday,2023-06,201
2023-06-14,2023,6,2,Wednesday,2023-06,283
2023-06-15,2023,6,2,Thursday,2023-06,1128
2023-06-16,2023,6,2,Friday,2023-06,1206
2023-06-19,2023,6,2,Monday,2023-06,177
2023-06-20,2023,6,2,Tuesday,2023-06,807
2023-06-21,2023,6,2,Wednesday,2023-06,961
2023-06-23,2023,6,2,Friday,2023-06,200
2023-06-24,2023,6,2,Saturday,2023-06,167
2023-06-25,2023,6,2,Sunday,2023-06,587
2023-06-26,2023,6,2,Monday,2023-06,145
2023-06-27,2023,6,2,Tuesday,2023-06,335
2023-06-28,2023,6,2,Wednesday,2023-06,320
2023-06-29,2023,6,2,Thursday,2023-06,1006
2023-06-30,2023,6,2,Friday,2023-06,1158
2023-07-01,2023,7,3,Saturday,2023-07,333
2023-07-02,2023,7,3,Sunday,2023-07,1114
2023-07-03,2023,7,3,Monday,2023-07,397
2023-07-04,2023,7,3,Tuesday,2023-07,400
2023-07-05,2023,7,3,Wednesday,2023-07,284
2023-07-06,2023,7,3,Thursday,2023-07,1007
2023-07-07,2023,7,3,Friday,2023-07,332
2023-07-08,2023,7,3,Saturday,2023-07,146
2023-07-09,2023,7,3,Sunday,2023-07,1005
2023-07-10,2023,7,3,Monday,2023-07,1115
2023-07-11,2023,7,3,Tuesday,2023-07,422
2023-07-12,2023,7,3,Wednesday,2023-07,772
2023-07-13,2023,7,3,Thursday,2023-07,147
2023-07-14,2023,7,3,Friday,2023-07,556
2023-07-16,2023,7,3,Sunday,2023-07,930
2023-07-18,2023,7,3,Tuesday,2023-07,202
2023-07-19,2023,7,3,Wednesday,2023-07,321
2023-07-20,2023,7,3,Thursday,2023-07,176
2023-07-21,2023,7,3,Friday,2023-07,154
2023-07-22,2023,7,3,Saturday,2023-07,464
2023-07-24,2023,7,3,Monday,2023-07,255
2023-07-25,2023,7,3,Tuesday,2023-07,158
2023-07-26,2023,7,3,Wednesday,2023-07,423
2023-07-27,2023,7,3,Thursday,2023-07,165
2023-07-28,2023,7,3,Friday,2023-07,149
2023-07-29,2023,7,3,Saturday,2023-07,172
2023-07-30,2023,7,3,Sunday,2023-07,291
2023-07-31,2023,7,3,Monday,2023-07,173
2023-08-01,2023,8,3,Tuesday,2023-08,169
2023-08-02,2023,8,3,Wednesday,2023-08,156
2023-08-03,2023,8,3,Thursday,2023-08,148
2023-08-04,2023,8,3,Friday,2023-08,334
2023-08-05,2023,8,3,Saturday,2023-08,130
2023-08-06,2023,8,3,Sunday,2023-08,155
2023-08-07,2023,8,3,Monday,2023-08,175
2023-08-08,2023,8,3,Tuesday,2023-08,174
2023-08-09,2023,8,3,Wednesday,2023-08,463
2023-08-10,2023,8,3,Thursday,2023-08,164
2023-08-11,2023,8,3,Friday,2023-08,150
2023-08-12,2023,8,3,Saturday,2023-08,157
2023-08-13,2023,8,3,Sunday,2023-08,151
2023-08-14,2023,8,3,Monday,2023-08,131
2023-08-15,2023,8,3,Tuesday,2023-08,132
2023-08-16,2023,8,3,Wednesday,2023-08,152
2023-08-17,2023,8,3,Thursday,2023-08,168
2023-08-18,2023,8,3,Friday,2023-08,119
2023-08-19,2023,8,3,Saturday,2023-08,133
2023-08-20,2023,8,3,Sunday,2023-08,134
2023-08-21,2023,8,3,Monday,2023-08,171
2023-08-22,2023,8,3,Tuesday,2023-08,170
2023-08-23,2023,8,3,Wednesday,2023-08,153
2023-08-24,2023,8,3,Thursday,2023-08,129
2023-08-25,2023,8,3,Friday,2023-08,110
2023-08-26,2023,8,3,Saturday,2023-08,292
2023-08-27,2023,8,3,Sunday,2023-08,465
2023-08-28,2023,8,3,Monday,2023-08,120
2023-08-29,2023,8,3,Tuesday,2023-08,180
2023-08-30,2023,8,3,Wednesday,2023-08,135
2023-08-31,2023,8,3,Thursday,2023-08,203
2023-09-01,2023,9,3,Friday,2023-09,166
2023-09-02,2023,9,3,Saturday,2023-09,136
2023-09-03,2023,9,3,Sunday,2023-09,324
2023-09-04,2023,9,3,Monday,2023-09,159
2023-09-05,2023,9,3,Tuesday,2023-09,137
2023-09-06,2023,9,3,Wednesday,2023-09,163
2023-09-07,2023,9,3,Thursday,2023-09,160
2023-09-08,2023,9,3,Friday,2023-09,204
2023-09-09,2023,9,3,Saturday,2023-09,138
2023-09-10,2023,9,3,Sunday,2023-09,325
2023-09-11,2023,9,3,Monday,2023-09,219
2023-09-12,2023,9,3,Tuesday,2023-09,113
2023-09-13,2023,9,3,Wednesday,2023-09,322
2023-09-14,2023,9,3,Thursday,2023-09,293
2023-09-15,2023,9,3,Friday,2023-09,139
2023-09-16,2023,9,3,Saturday,2023-09,118
2023-09-17,2023,9,3,Sunday,2023-09,140
2023-09-18,2023,9,3,Monday,2023-09,246
2023-09-19,2023,9,3,Tuesday,2023-09,323
2023-09-20,2023,9,3,Wednesday,2023-09,142
2023-09-21,2023,9,3,Thursday,2023-09,178
2023-09-22,2023,9,3,Friday,2023-09,161
2023-09-23,2023,9,3,Saturday,2023-09,294
2023-09-24,2023,9,3,Sunday,2023-09,141
2023-09-25,2023,9,3,Monday,2023-09,247
2023-09-26,2023,9,3,Tuesday,2023-09,127
2023-09-27,2023,9,3,Wednesday,2023-09,126
2023-09-28,2023,9,3,Thursday,2023-09,179
2023-09-29,2023,9,3,Friday,2023-09,254
2023-09-30,2023,9,3,Saturday,2023-09,124
2023-10-01,2023,10,4,Sunday,2023-10,248
2023-10-02,2023,10,4,Monday,2023-10,125
2023-10-03,2023,10,4,Tuesday,2023-10,103
2023-10-04,2023,10,4,Wednesday,2023-10,98
2023-10-05,2023,10,4,Thursday,2023-10,112
2023-10-06,2023,10,4,Friday,2023-10,123
2023-10-07,2023,10,4,Saturday,2023-10,162
2023-10-08,2023,10,4,Sunday,2023-10,104
2023-10-09,2023,10,4,Monday,2023-10,116
2023-10-10,2023,10,4,Tuesday,2023-10,121
2023-10-11,2023,10,4,Wednesday,2023-10,122
2023-10-12,2023,10,4,Thursday,2023-10,79
2023-10-13,2023,10,4,Friday,2023-10,99
2023-10-14,2023,10,4,Saturday,2023-10,114
2023-10-15,2023,10,4,Sunday,2023-10,143
2023-10-16,2023,10,4,Monday,2023-10,117
2023-10-17,2023,10,4,Tuesday,2023-10,61
2023-10-18,2023,10,4,Wednesday,2023-10,95
2023-10-19,2023,10,4,Thursday,2023-10,89
2023-10-20,2023,10,4,Friday,2023-10,144
2023-10-21,2023,10,4,Saturday,2023-10,100
2023-10-22,2023,10,4,Sunday,2023-10,106
2023-10-23,2023,10,4,Monday,2023-10,94
2023-10-24,2023,10,4,Tuesday,2023-10,115
2023-10-25,2023,10,4,Wednesday,2023-10,128
2023-10-26,2023,10,4,Thursday,2023-10,111
2023-10-27,2023,10,4,Friday,2023-10,80
2023-10-28,2023,10,4,Saturday,2023-10,105
2023-10-29,2023,10,4,Sunday,2023-10,86
2023-10-30,2023,10,4,Monday,2023-10,76
2023-10-31,2023,10,4,Tuesday,2023-10,87
2023-11-01,2023,11,4,Wednesday,2023-11,101
2023-11-02,2023,11,4,Thursday,2023-11,51
2023-11-03,2023,11,4,Friday,2023-11,96
2023-11-04,2023,11,4,Saturday,2023-11,77
2023-11-05,2023,11,4,Sunday,2023-11,78
2023-11-06,2023,11,4,Monday,2023-11,67
2023-11-07,2023,11,4,Tuesday,2023-11,69
2023-11-08,2023,11,4,Wednesday,2023-11,68
2023-11-09,2023,11,4,Thursday,2023-11,64
2023-11-10,2023,11,4,Friday,2023-11,93
2023-11-11,2023,11,4,Saturday,2023-11,81
2023-11-12,2023,11,4,Sunday,2023-11,82
2023-11-13,2023,11,4,Monday,2023-11,70
2023-11-14,2023,11,4,Tuesday,2023-11,71
2023-11-15,2023,11,4,Wednesday,2023-11,52
2023-11-16,2023,11,4,Thursday,2023-11,60
2023-11-17,2023,11,4,Friday,2023-11,88
2023-11-18,2023,11,4,Saturday,2023-11,54
2023-11-19,2023,11,4,Sunday,2023-11,72
2023-11-20,2023,11,4,Monday,2023-11,74
2023-11-21,2023,11,4,Tuesday,2023-11,83
2023-11-22,2023,11,4,Wednesday,2023-11,84
2023-11-23,2023,11,4,Thursday,2023-11,102
2023-11-24,2023,11,4,Friday,2023-11,50
2023-11-25,2023,11,4,Saturday,2023-11,65
2023-11-26,2023,11,4,Sunday,2023-11,90
2023-11-27,2023,11,4,Monday,2023-11,66
2023-11-28,2023,11,4,Tuesday,2023-11,55
2023-11-29,2023,11,4,Wednesday,2023-11,53
2023-11-30,2023,11,4,Thursday,2023-11,92
2023-12-01,2023,12,4,Friday,2023-12,73
2023-12-02,2023,12,4,Saturday,2023-12,75
2023-12-03,2023,12,4,Sunday,2023-12,48
2023-12-04,2023,12,4,Monday,2023-12,107
2023-12-05,2023,12,4,Tuesday,2023-12,85
2023-12-06,2023,12,4,Wednesday,2023-12,91
2023-12-07,2023,12,4,Thursday,2023-12,28
2023-12-08,2023,12,4,Friday,2023-12,97
2023-12-09,2023,12,4,Saturday,2023-12,108
2023-12-10,2023,12,4,Sunday,2023-12,109
2023-12-11,2023,12,4,Monday,2023-12,40
2023-12-12,2023,12,4,Tuesday,2023-12,49
2023-12-13,2023,12,4,Wednesday,2023-12,56
2023-12-14,2023,12,4,Thursday,2023-12,47
2023-12-15,2023,12,4,Friday,2023-12,62
2023-12-16,2023,12,4,Saturday,2023-12,63
2023-12-17,2023,12,4,Sunday,2023-12,57
2023-12-18,2023,12,4,Monday,2023-12,36
2023-12-19,2023,12,4,Tuesday,2023-12,43
2023-12-20,2023,12,4,Wednesday,2023-12,59
2023-12-21,2023,12,4,Thursday,2023-12,41
2023-12-22,2023,12,4,Friday,2023-12,39
2023-12-23,2023,12,4,Saturday,2023-12,29
2023-12-24,2023,12,4,Sunday,2023-12,58
2023-12-25,2023,12,4,Monday,2023-12,38
2023-12-26,2023,12,4,Tuesday,2023-12,30
2023-12-27,2023,12,4,Wednesday,2023-12,42
2023-12-28,2023,12,4,Thursday,2023-12,46
2023-12-29,2023,12,4,Friday,2023-12,33
2023-12-30,2023,12,4,Saturday,2023-12,34
2023-12-31,2023,12,4,Sunday,2023-12,31
2024-01-01,2024,1,1,Monday,2024-01,35
2024-01-02,2024,1,1,Tuesday,2024-01,4
2024-01-03,2024,1,1,Wednesday,2024-01,21
2024-01-04,2024,1,1,Thursday,2024-01,26
2024-01-05,2024,1,1,Friday,2024-01,32
2024-01-06,2024,1,1,Saturday,2024-01,19
2024-01-07,2024,1,1,Sunday,2024-01,37
2024-01-08,2024,1,1,Monday,2024-01,14
2024-01-09,2024,1,1,Tuesday,2024-01,27
2024-01-10,2024,1,1,Wednesday,2024-01,25
2024-01-11,2024,1,1,Thursday,2024-01,10
2024-01-12,2024,1,1,Friday,2024-01,13
2024-01-13,2024,1,1,Saturday,2024-01,23
2024-01-14,2024,1,1,Sunday,2024-01,11
2024-01-15,2024,1,1,Monday,2024-01,5
2024-01-16,2024,1,1,Tuesday,2024-01,17
2024-01-17,2024,1,1,Wednesday,2024-01,20
2024-01-18,2024,1,1,Thursday,2024-01,15
2024-01-19,2024,1,1,Friday,2024-01,8
2024-01-20,2024,1,1,Saturday,2024-01,7
2024-01-21,2024,1,1,Sunday,2024-01,6
2024-01-22,2024,1,1,Monday,2024-01,9
2024-01-23,2024,1,1,Tuesday,2024-01,16
2024-01-24,2024,1,1,Wednesday,2024-01,3
2024-01-25,2024,1,1,Thursday,2024-01,12
2024-01-26,2024,1,1,Friday,2024-01,45
2024-01-27,2024,1,1,Saturday,2024-01,24
2024-01-28,2024,1,1,Sunday,2024-01,1
2024-01-29,2024,1,1,Monday,2024-01,2
2024-01-30,2024,1,1,Tuesday,2024-01,18
2024-01-31,2024,1,1,Wednesday,2024-01,44
