data_referencia;ano;mes;trimestre;dia_semana;ano_mes;tempo_id
2008-01-01;2008;1;1;Tuesday;2008-01;152
2008-02-18;2008;2;1;Monday;2008-02;515
2008-02-29;2008;2;1;Friday;2008-02;569
2008-04-01;2008;4;2;Tuesday;2008-04;1011
2008-06-01;2008;6;2;Sunday;2008-06;258
2008-06-13;2008;6;2;Friday;2008-06;352
2008-07-01;2008;7;3;Tuesday;2008-07;933
2008-07-08;2008;7;3;Tuesday;2008-07;1013
2008-10-01;2008;10;4;Wednesday;2008-10;505
2008-10-15;2008;10;4;Wednesday;2008-10;657
2008-10-28;2008;10;4;Tuesday;2008-10;219
2008-11-01;2008;11;4;Saturday;2008-11;445
2008-11-07;2008;11;4;Friday;2008-11;82
2008-11-16;2008;11;4;Sunday;2008-11;773
2009-01-01;2009;1;1;Thursday;2009-01;672
2009-01-16;2009;1;1;Friday;2009-01;594
2009-01-28;2009;1;1;Wednesday;2009-01;1021
2009-02-01;2009;2;1;Sunday;2009-02;654
2009-03-01;2009;3;1;Sunday;2009-03;304
2009-04-01;2009;4;2;Wednesday;2009-04;688
2009-04-18;2009;4;2;Saturday;2009-04;759
2009-06-17;2009;6;2;Wednesday;2009-06;763
2009-09-01;2009;9;3;Tuesday;2009-09;337
2009-09-11;2009;9;3;Friday;2009-09;675
2009-09-28;2009;9;3;Monday;2009-09;929
2009-10-01;2009;10;4;Thursday;2009-10;558
2009-10-02;2009;10;4;Friday;2009-10;237
2009-11-16;2009;11;4;Monday;2009-11;468
2009-11-17;2009;11;4;Tuesday;2009-11;318
2009-11-19;2009;11;4;Thursday;2009-11;583
2010-01-05;2010;1;1;Tuesday;2010-01;268
2010-03-22;2010;3;1;Monday;2010-03;495
2010-05-11;2010;5;2;Tuesday;2010-05;511
2010-05-23;2010;5;2;Sunday;2010-05;523
2010-06-01;2010;6;2;Tuesday;2010-06;497
2010-06-02;2010;6;2;Wednesday;2010-06;795
2010-08-16;2010;8;3;Monday;2010-08;345
2010-08-18;2010;8;3;Wednesday;2010-08;476
2010-08-23;2010;8;3;Monday;2010-08;376
2010-09-01;2010;9;3;Wednesday;2010-09;245
2010-09-14;2010;9;3;Tuesday;2010-09;774
2010-10-01;2010;10;4;Friday;2010-10;277
2010-11-01;2010;11;4;Monday;2010-11;439
2010-11-06;2010;11;4;Saturday;2010-11;1024
2010-11-07;2010;11;4;Sunday;2010-11;955
2010-12-05;2010;12;4;Sunday;2010-12;1018
2010-12-10;2010;12;4;Friday;2010-12;1010
2010-12-14;2010;12;4;Tuesday;2010-12;785
2011-01-01;2011;1;1;Saturday;2011-01;926
2011-02-01;2011;2;1;Tuesday;2011-02;474
2011-04-25;2011;4;2;Monday;2011-04;690
2011-04-27;2011;4;2;Wednesday;2011-04;661
2011-06-16;2011;6;2;Thursday;2011-06;612
2011-06-20;2011;6;2;Monday;2011-06;892
2011-07-14;2011;7;3;Thursday;2011-07;194
2011-08-03;2011;8;3;Wednesday;2011-08;369
2011-08-17;2011;8;3;Wednesday;2011-08;591
2011-08-24;2011;8;3;Wednesday;2011-08;516
2011-10-01;2011;10;4;Saturday;2011-10;610
2011-10-12;2011;10;4;Wednesday;2011-10;320
2011-10-24;2011;10;4;Monday;2011-10;521
2011-11-01;2011;11;4;Tuesday;2011-11;893
2011-11-12;2011;11;4;Saturday;2011-11;364
2011-11-22;2011;11;4;Tuesday;2011-11;868
2011-12-29;2011;12;4;Thursday;2011-12;935
2012-01-19;2012;1;1;Thursday;2012-01;227
2012-02-18;2012;2;1;Saturday;2012-02;455
2012-03-01;2012;3;1;Thursday;2012-03;991
2012-04-03;2012;4;2;Tuesday;2012-04;342
2012-04-14;2012;4;2;Saturday;2012-04;467
2012-05-09;2012;5;2;Wednesday;2012-05;459
2012-06-01;2012;6;2;Friday;2012-06;239
2012-06-19;2012;6;2;Tuesday;2012-06;694
2012-06-20;2012;6;2;Wednesday;2012-06;500
2012-07-01;2012;7;3;Sunday;2012-07;482
2012-07-20;2012;7;3;Friday;2012-07;618
2012-07-23;2012;7;3;Monday;2012-07;312
2012-07-27;2012;7;3;Friday;2012-07;789
2012-08-14;2012;8;3;Tuesday;2012-08;1019
2012-09-13;2012;9;3;Thursday;2012-09;784
2012-09-19;2012;9;3;Wednesday;2012-09;260
2012-10-01;2012;10;4;Monday;2012-10;249
2012-10-03;2012;10;4;Wednesday;2012-10;665
2012-10-19;2012;10;4;Friday;2012-10;772
2012-10-31;2012;10;4;Wednesday;2012-10;656
2012-11-22;2012;11;4;Thursday;2012-11;791
2012-11-23;2012;11;4;Friday;2012-11;676
2012-12-07;2012;12;4;Friday;2012-12;223
2012-12-20;2012;12;4;Thursday;2012-12;367
2013-01-11;2013;1;1;Friday;2013-01;512
2013-01-23;2013;1;1;Wednesday;2013-01;584
2013-01-25;2013;1;1;Friday;2013-01;598
2013-03-05;2013;3;1;Tuesday;2013-03;660
2013-04-02;2013;4;2;Tuesday;2013-04;1007
2013-04-17;2013;4;2;Wednesday;2013-04;995
2013-05-02;2013;5;2;Thursday;2013-05;959
2013-05-08;2013;5;2;Wednesday;2013-05;326
2013-05-15;2013;5;2;Wednesday;2013-05;221
2013-05-23;2013;5;2;Thursday;2013-05;452
2013-05-27;2013;5;2;Monday;2013-05;355
2013-05-29;2013;5;2;Wednesday;2013-05;456
2013-06-24;2013;6;2;Monday;2013-06;517
2013-07-26;2013;7;3;Friday;2013-07;864
2013-08-30;2013;8;3;Friday;2013-08;503
2013-09-07;2013;9;3;Saturday;2013-09;590
2013-10-01;2013;10;4;Tuesday;2013-10;138
2013-11-01;2013;11;4;Friday;2013-11;154
2013-11-11;2013;11;4;Monday;2013-11;472
2013-11-19;2013;11;4;Tuesday;2013-11;655
2013-11-25;2013;11;4;Monday;2013-11;954
2014-01-01;2014;1;1;Wednesday;2014-01;507
2014-01-10;2014;1;1;Friday;2014-01;442
2014-01-29;2014;1;1;Wednesday;2014-01;951
2014-01-31;2014;1;1;Friday;2014-01;674
2014-02-01;2014;2;1;Saturday;2014-02;788
2014-02-18;2014;2;1;Tuesday;2014-02;510
2014-03-07;2014;3;1;Friday;2014-03;938
2014-05-14;2014;5;2;Wednesday;2014-05;865
2014-05-20;2014;5;2;Tuesday;2014-05;597
2014-05-23;2014;5;2;Friday;2014-05;613
2014-06-01;2014;6;2;Sunday;2014-06;1005
2014-06-05;2014;6;2;Thursday;2014-06;325
2014-07-17;2014;7;3;Thursday;2014-07;947
2014-07-30;2014;7;3;Wednesday;2014-07;478
2014-08-01;2014;8;3;Friday;2014-08;113
2014-08-06;2014;8;3;Wednesday;2014-08;792
2014-08-28;2014;8;3;Thursday;2014-08;876
2014-08-29;2014;8;3;Friday;2014-08;931
2014-09-01;2014;9;3;Monday;2014-09;559
2014-09-11;2014;9;3;Thursday;2014-09;577
2014-09-25;2014;9;3;Thursday;2014-09;942
2014-11-01;2014;11;4;Saturday;2014-11;890
2014-12-01;2014;12;4;Monday;2014-12;579
2014-12-04;2014;12;4;Thursday;2014-12;560
2014-12-08;2014;12;4;Monday;2014-12;522
2015-01-07;2015;1;1;Wednesday;2015-01;879
2015-01-09;2015;1;1;Friday;2015-01;687
2015-01-19;2015;1;1;Monday;2015-01;996
2015-01-27;2015;1;1;Tuesday;2015-01;691
2015-02-10;2015;2;1;Tuesday;2015-02;605
2015-02-20;2015;2;1;Friday;2015-02;375
2015-02-23;2015;2;1;Monday;2015-02;662
2015-03-06;2015;3;1;Friday;2015-03;873
2015-03-10;2015;3;1;Tuesday;2015-03;241
2015-04-16;2015;4;2;Thursday;2015-04;998
2015-04-24;2015;4;2;Friday;2015-04;561
2015-05-04;2015;5;2;Monday;2015-05;330
2015-05-22;2015;5;2;Friday;2015-05;882
2015-05-29;2015;5;2;Friday;2015-05;464
2015-06-01;2015;6;2;Monday;2015-06;349
2015-06-20;2015;6;2;Saturday;2015-06;585
2015-06-23;2015;6;2;Tuesday;2015-06;762
2015-06-25;2015;6;2;Thursday;2015-06;1014
2015-06-27;2015;6;2;Saturday;2015-06;786
2015-07-06;2015;7;3;Monday;2015-07;283
2015-07-10;2015;7;3;Friday;2015-07;251
2015-08-28;2015;8;3;Friday;2015-08;269
2015-09-14;2015;9;3;Monday;2015-09;449
2015-09-25;2015;9;3;Friday;2015-09;670
2015-09-28;2015;9;3;Monday;2015-09;371
2015-10-05;2015;10;4;Monday;2015-10;457
2015-10-13;2015;10;4;Tuesday;2015-10;278
2015-11-13;2015;11;4;Friday;2015-11;606
2015-11-19;2015;11;4;Thursday;2015-11;572
2015-11-23;2015;11;4;Monday;2015-11;514
2015-12-03;2015;12;4;Thursday;2015-12;1017
2015-12-18;2015;12;4;Friday;2015-12;441
2015-12-22;2015;12;4;Tuesday;2015-12;1012
2015-12-23;2015;12;4;Wednesday;2015-12;573
2016-01-01;2016;1;1;Friday;2016-01;678
2016-01-22;2016;1;1;Friday;2016-01;475
2016-02-17;2016;2;1;Wednesday;2016-02;776
2016-02-27;2016;2;1;Saturday;2016-02;620
2016-02-29;2016;2;1;Monday;2016-02;463
2016-03-10;2016;3;1;Thursday;2016-03;519
2016-03-15;2016;3;1;Tuesday;2016-03;273
2016-03-18;2016;3;1;Friday;2016-03;465
2016-03-21;2016;3;1;Monday;2016-03;615
2016-04-01;2016;4;2;Friday;2016-04;524
2016-04-18;2016;4;2;Monday;2016-04;293
2016-05-25;2016;5;2;Wednesday;2016-05;303
2016-06-20;2016;6;2;Monday;2016-06;932
2016-07-31;2016;7;3;Sunday;2016-07;185
2016-08-08;2016;8;3;Monday;2016-08;685
2016-08-13;2016;8;3;Saturday;2016-08;659
2016-09-08;2016;9;3;Thursday;2016-09;1002
2016-09-15;2016;9;3;Thursday;2016-09;880
2016-09-17;2016;9;3;Saturday;2016-09;866
2016-11-19;2016;11;4;Saturday;2016-11;790
2016-11-29;2016;11;4;Tuesday;2016-11;673
2016-12-01;2016;12;4;Thursday;2016-12;297
2016-12-26;2016;12;4;Monday;2016-12;928
2017-01-01;2017;1;1;Sunday;2017-01;600
2017-01-04;2017;1;1;Wednesday;2017-01;666
2017-01-18;2017;1;1;Wednesday;2017-01;489
2017-01-19;2017;1;1;Thursday;2017-01;953
2017-01-23;2017;1;1;Monday;2017-01;109
2017-02-14;2017;2;1;Tuesday;2017-02;682
2017-02-15;2017;2;1;Wednesday;2017-02;877
2017-03-01;2017;3;1;Wednesday;2017-03;952
2017-03-17;2017;3;1;Friday;2017-03;469
2017-03-22;2017;3;1;Wednesday;2017-03;453
2017-03-27;2017;3;1;Monday;2017-03;940
2017-04-01;2017;4;2;Saturday;2017-04;658
2017-04-11;2017;4;2;Tuesday;2017-04;300
2017-04-27;2017;4;2;Thursday;2017-04;589
2017-05-18;2017;5;2;Thursday;2017-05;132
2017-06-03;2017;6;2;Saturday;2017-06;315
2017-06-12;2017;6;2;Monday;2017-06;220
2017-06-22;2017;6;2;Thursday;2017-06;361
2017-07-04;2017;7;3;Tuesday;2017-07;946
2017-07-26;2017;7;3;Wednesday;2017-07;692
2017-08-18;2017;8;3;Friday;2017-08;869
2017-10-04;2017;10;4;Wednesday;2017-10;454
2017-10-11;2017;10;4;Wednesday;2017-10;506
2017-12-04;2017;12;4;Monday;2017-12;934
2017-12-21;2017;12;4;Thursday;2017-12;570
2017-12-23;2017;12;4;Saturday;2017-12;504
2017-12-25;2017;12;4;Monday;2017-12;502
2018-01-03;2018;1;1;Wednesday;2018-01;1008
2018-01-17;2018;1;1;Wednesday;2018-01;282
2018-02-17;2018;2;1;Saturday;2018-02;565
2018-03-13;2018;3;1;Tuesday;2018-03;461
2018-04-01;2018;4;2;Sunday;2018-04;339
2018-04-23;2018;4;2;Monday;2018-04;894
2018-05-14;2018;5;2;Monday;2018-05;346
2018-05-25;2018;5;2;Friday;2018-05;681
2018-05-28;2018;5;2;Monday;2018-05;683
2018-06-08;2018;6;2;Friday;2018-06;950
2018-06-18;2018;6;2;Monday;2018-06;470
2018-06-27;2018;6;2;Wednesday;2018-06;937
2018-07-01;2018;7;3;Sunday;2018-07;321
2018-07-05;2018;7;3;Thursday;2018-07;1004
2018-07-30;2018;7;3;Monday;2018-07;360
2018-08-13;2018;8;3;Monday;2018-08;684
2018-08-15;2018;8;3;Wednesday;2018-08;284
2018-08-16;2018;8;3;Thursday;2018-08;314
2018-08-20;2018;8;3;Monday;2018-08;664
2018-08-28;2018;8;3;Tuesday;2018-08;562
2018-08-31;2018;8;3;Friday;2018-08;611
2018-10-01;2018;10;4;Monday;2018-10;861
2018-10-03;2018;10;4;Wednesday;2018-10;888
2018-10-05;2018;10;4;Friday;2018-10;956
2018-10-15;2018;10;4;Monday;2018-10;564
2018-11-12;2018;11;4;Monday;2018-11;1022
2018-12-09;2018;12;4;Sunday;2018-12;328
2018-12-17;2018;12;4;Monday;2018-12;992
2018-12-20;2018;12;4;Thursday;2018-12;889
2018-12-24;2018;12;4;Monday;2018-12;487
2018-12-25;2018;12;4;Tuesday;2018-12;471
2019-01-01;2019;1;1;Tuesday;2019-01;261
2019-01-21;2019;1;1;Monday;2019-01;872
2019-01-30;2019;1;1;Wednesday;2019-01;244
2019-02-27;2019;2;1;Wednesday;2019-02;607
2019-03-01;2019;3;1;Friday;2019-03;145
2019-04-01;2019;4;2;Monday;2019-04;466
2019-04-04;2019;4;2;Thursday;2019-04;958
2019-04-26;2019;4;2;Friday;2019-04;370
2019-07-03;2019;7;3;Wednesday;2019-07;593
2019-07-04;2019;7;3;Thursday;2019-07;936
2019-07-07;2019;7;3;Sunday;2019-07;483
2019-07-15;2019;7;3;Monday;2019-07;226
2019-07-19;2019;7;3;Friday;2019-07;874
2019-08-01;2019;8;3;Thursday;2019-08;520
2019-08-02;2019;8;3;Friday;2019-08;588
2019-08-08;2019;8;3;Thursday;2019-08;373
2019-08-19;2019;8;3;Monday;2019-08;957
2019-08-20;2019;8;3;Tuesday;2019-08;667
2019-09-02;2019;9;3;Monday;2019-09;990
2019-09-19;2019;9;3;Thursday;2019-09;443
2019-10-14;2019;10;4;Monday;2019-10;356
2019-10-16;2019;10;4;Wednesday;2019-10;797
2019-10-23;2019;10;4;Wednesday;2019-10;555
2019-11-13;2019;11;4;Wednesday;2019-11;927
2019-11-21;2019;11;4;Thursday;2019-11;450
2019-11-22;2019;11;4;Friday;2019-11;948
2019-11-25;2019;11;4;Monday;2019-11;875
2019-11-27;2019;11;4;Wednesday;2019-11;267
2019-11-29;2019;11;4;Friday;2019-11;609
2019-12-01;2019;12;4;Sunday;2019-12;224
2019-12-03;2019;12;4;Tuesday;2019-12;671
2019-12-04;2019;12;4;Wednesday;2019-12;878
2019-12-05;2019;12;4;Thursday;2019-12;324
2019-12-10;2019;12;4;Tuesday;2019-12;596
2019-12-19;2019;12;4;Thursday;2019-12;663
2019-12-25;2019;12;4;Wednesday;2019-12;280
2020-01-01;2020;1;1;Wednesday;2020-01;207
2020-01-02;2020;1;1;Thursday;2020-01;574
2020-01-03;2020;1;1;Friday;2020-01;501
2020-01-21;2020;1;1;Tuesday;2020-01;768
2020-01-23;2020;1;1;Thursday;2020-01;1023
2020-01-24;2020;1;1;Friday;2020-01;604
2020-01-29;2020;1;1;Wednesday;2020-01;775
2020-02-13;2020;2;1;Thursday;2020-02;451
2020-02-21;2020;2;1;Friday;2020-02;172
2020-02-22;2020;2;1;Saturday;2020-02;794
2020-02-26;2020;2;1;Wednesday;2020-02;949
2020-03-01;2020;3;1;Sunday;2020-03;939
2020-03-20;2020;3;1;Friday;2020-03;484
2020-03-29;2020;3;1;Sunday;2020-03;787
2020-04-23;2020;4;2;Thursday;2020-04;256
2020-04-29;2020;4;2;Wednesday;2020-04;271
2020-05-04;2020;5;2;Monday;2020-05;362
2020-05-08;2020;5;2;Friday;2020-05;263
2020-06-03;2020;6;2;Wednesday;2020-06;336
2020-06-11;2020;6;2;Thursday;2020-06;941
2020-06-24;2020;6;2;Wednesday;2020-06;299
2020-07-12;2020;7;3;Sunday;2020-07;494
2020-07-13;2020;7;3;Monday;2020-07;218
2020-07-14;2020;7;3;Tuesday;2020-07;680
2020-07-20;2020;7;3;Monday;2020-07;571
2020-07-25;2020;7;3;Saturday;2020-07;458
2020-07-27;2020;7;3;Monday;2020-07;616
2020-07-30;2020;7;3;Thursday;2020-07;518
2020-08-01;2020;8;3;Saturday;2020-08;181
2020-08-07;2020;8;3;Friday;2020-08;765
2020-08-10;2020;8;3;Monday;2020-08;796
2020-08-11;2020;8;3;Tuesday;2020-08;193
2020-08-21;2020;8;3;Friday;2020-08;234
2020-09-16;2020;9;3;Wednesday;2020-09;621
2020-09-22;2020;9;3;Tuesday;2020-09;335
2020-09-24;2020;9;3;Thursday;2020-09;891
2020-09-28;2020;9;3;Monday;2020-09;365
2020-10-17;2020;10;4;Saturday;2020-10;930
2020-10-24;2020;10;4;Saturday;2020-10;242
2020-11-03;2020;11;4;Tuesday;2020-11;182
2020-11-04;2020;11;4;Wednesday;2020-11;350
2020-11-23;2020;11;4;Monday;2020-11;212
2020-12-14;2020;12;4;Monday;2020-12;302
2020-12-26;2020;12;4;Saturday;2020-12;298
2021-01-01;2021;1;1;Friday;2021-01;287
2021-01-11;2021;1;1;Monday;2021-01;886
2021-01-13;2021;1;1;Wednesday;2021-01;285
2021-01-14;2021;1;1;Thursday;2021-01;777
2021-02-01;2021;2;1;Monday;2021-02;870
2021-02-03;2021;2;1;Wednesday;2021-02;351
2021-02-09;2021;2;1;Tuesday;2021-02;778
2021-02-25;2021;2;1;Thursday;2021-02;563
2021-03-09;2021;3;1;Tuesday;2021-03;619
2021-03-10;2021;3;1;Wednesday;2021-03;881
2021-03-11;2021;3;1;Thursday;2021-03;323
2021-03-12;2021;3;1;Friday;2021-03;679
2021-03-16;2021;3;1;Tuesday;2021-03;884
2021-03-18;2021;3;1;Thursday;2021-03;567
2021-03-21;2021;3;1;Sunday;2021-03;266
2021-03-23;2021;3;1;Tuesday;2021-03;1000
2021-03-25;2021;3;1;Thursday;2021-03;257
2021-03-26;2021;3;1;Friday;2021-03;871
2021-03-30;2021;3;1;Tuesday;2021-03;343
2021-04-02;2021;4;2;Friday;2021-04;863
2021-04-05;2021;4;2;Monday;2021-04;353
2021-04-06;2021;4;2;Tuesday;2021-04;309
2021-04-07;2021;4;2;Wednesday;2021-04;860
2021-04-09;2021;4;2;Friday;2021-04;668
2021-04-13;2021;4;2;Tuesday;2021-04;447
2021-04-14;2021;4;2;Wednesday;2021-04;492
2021-04-26;2021;4;2;Monday;2021-04;557
2021-05-10;2021;5;2;Monday;2021-05;446
2021-05-11;2021;5;2;Tuesday;2021-05;88
2021-05-16;2021;5;2;Sunday;2021-05;340
2021-05-20;2021;5;2;Thursday;2021-05;686
2021-06-14;2021;6;2;Monday;2021-06;617
2021-07-01;2021;7;3;Thursday;2021-07;319
2021-07-02;2021;7;3;Friday;2021-07;653
2021-07-14;2021;7;3;Wednesday;2021-07;206
2021-08-01;2021;8;3;Sunday;2021-08;372
2021-08-09;2021;8;3;Monday;2021-08;581
2021-08-10;2021;8;3;Tuesday;2021-08;781
2021-08-11;2021;8;3;Wednesday;2021-08;374
2021-08-19;2021;8;3;Thursday;2021-08;460
2021-08-26;2021;8;3;Thursday;2021-08;366
2021-09-29;2021;9;3;Wednesday;2021-09;568
2021-10-01;2021;10;4;Friday;2021-10;883
2021-10-05;2021;10;4;Tuesday;2021-10;250
2021-10-07;2021;10;4;Thursday;2021-10;887
2021-10-25;2021;10;4;Monday;2021-10;945
2021-11-16;2021;11;4;Tuesday;2021-11;696
2021-11-17;2021;11;4;Wednesday;2021-11;599
2021-11-19;2021;11;4;Friday;2021-11;275
2021-11-22;2021;11;4;Monday;2021-11;1016
2021-12-01;2021;12;4;Wednesday;2021-12;697
2021-12-06;2021;12;4;Monday;2021-12;493
2021-12-19;2021;12;4;Sunday;2021-12;490
2021-12-20;2021;12;4;Monday;2021-12;770
2022-01-03;2022;1;1;Monday;2022-01;279
2022-01-06;2022;1;1;Thursday;2022-01;689
2022-01-11;2022;1;1;Tuesday;2022-01;144
2022-01-13;2022;1;1;Thursday;2022-01;944
2022-01-14;2022;1;1;Friday;2022-01;329
2022-02-21;2022;2;1;Monday;2022-02;332
2022-02-22;2022;2;1;Tuesday;2022-02;602
2022-02-25;2022;2;1;Friday;2022-02;575
2022-03-02;2022;3;1;Wednesday;2022-03;576
2022-03-03;2022;3;1;Thursday;2022-03;313
2022-03-15;2022;3;1;Tuesday;2022-03;288
2022-03-21;2022;3;1;Monday;2022-03;331
2022-03-22;2022;3;1;Tuesday;2022-03;477
2022-03-23;2022;3;1;Wednesday;2022-03;782
2022-03-24;2022;3;1;Thursday;2022-03;176
2022-03-25;2022;3;1;Friday;2022-03;310
2022-03-30;2022;3;1;Wednesday;2022-03;480
2022-04-01;2022;4;2;Friday;2022-04;305
2022-04-21;2022;4;2;Thursday;2022-04;677
2022-04-25;2022;4;2;Monday;2022-04;601
2022-04-29;2022;4;2;Friday;2022-04;1020
2022-05-04;2022;5;2;Wednesday;2022-05;943
2022-05-05;2022;5;2;Thursday;2022-05;867
2022-05-17;2022;5;2;Tuesday;2022-05;230
2022-06-06;2022;6;2;Monday;2022-06;289
2022-06-13;2022;6;2;Monday;2022-06;255
2022-06-20;2022;6;2;Monday;2022-06;780
2022-06-21;2022;6;2;Tuesday;2022-06;885
2022-06-28;2022;6;2;Tuesday;2022-06;295
2022-07-01;2022;7;3;Friday;2022-07;669
2022-07-21;2022;7;3;Thursday;2022-07;1015
2022-08-01;2022;8;3;Monday;2022-08;793
2022-08-09;2022;8;3;Tuesday;2022-08;496
2022-08-11;2022;8;3;Thursday;2022-08;1003
2022-08-17;2022;8;3;Wednesday;2022-08;999
2022-08-19;2022;8;3;Friday;2022-08;693
2022-08-24;2022;8;3;Wednesday;2022-08;997
2022-08-27;2022;8;3;Saturday;2022-08;783
2022-09-15;2022;9;3;Thursday;2022-09;246
2022-09-18;2022;9;3;Sunday;2022-09;771
2022-09-19;2022;9;3;Monday;2022-09;695
2022-09-21;2022;9;3;Wednesday;2022-09;769
2022-09-22;2022;9;3;Thursday;2022-09;509
2022-10-01;2022;10;4;Saturday;2022-10;595
2022-10-03;2022;10;4;Monday;2022-10;761
2022-10-19;2022;10;4;Wednesday;2022-10;767
2022-10-24;2022;10;4;Monday;2022-10;348
2022-10-28;2022;10;4;Friday;2022-10;254
2022-11-01;2022;11;4;Tuesday;2022-11;252
2022-11-08;2022;11;4;Tuesday;2022-11;764
2022-11-10;2022;11;4;Thursday;2022-11;580
2022-11-21;2022;11;4;Monday;2022-11;993
2022-11-22;2022;11;4;Tuesday;2022-11;779
2022-11-23;2022;11;4;Wednesday;2022-11;859
2022-11-25;2022;11;4;Friday;2022-11;347
2022-11-28;2022;11;4;Monday;2022-11;322
2022-11-29;2022;11;4;Tuesday;2022-11;248
2022-12-01;2022;12;4;Thursday;2022-12;281
2022-12-02;2022;12;4;Friday;2022-12;608
2022-12-14;2022;12;4;Wednesday;2022-12;334
2022-12-21;2022;12;4;Wednesday;2022-12;485
2022-12-22;2022;12;4;Thursday;2022-12;994
2022-12-27;2022;12;4;Tuesday;2022-12;766
2023-01-01;2023;1;1;Sunday;2023-01;556
2023-01-03;2023;1;1;Tuesday;2023-01;341
2023-01-05;2023;1;1;Thursday;2023-01;586
2023-01-09;2023;1;1;Monday;2023-01;308
2023-01-16;2023;1;1;Monday;2023-01;327
2023-01-23;2023;1;1;Monday;2023-01;499
2023-01-24;2023;1;1;Tuesday;2023-01;201
2023-01-30;2023;1;1;Monday;2023-01;137
2023-02-04;2023;2;1;Saturday;2023-02;359
2023-02-07;2023;2;1;Tuesday;2023-02;462
2023-02-11;2023;2;1;Saturday;2023-02;438
2023-02-22;2023;2;1;Wednesday;2023-02;603
2023-02-27;2023;2;1;Monday;2023-02;498
2023-02-28;2023;2;1;Tuesday;2023-02;259
2023-03-01;2023;3;1;Wednesday;2023-03;170
2023-03-07;2023;3;1;Tuesday;2023-03;578
2023-03-08;2023;3;1;Wednesday;2023-03;862
2023-03-13;2023;3;1;Monday;2023-03;1001
2023-03-16;2023;3;1;Thursday;2023-03;434
2023-03-17;2023;3;1;Friday;2023-03;265
2023-03-19;2023;3;1;Sunday;2023-03;582
2023-03-28;2023;3;1;Tuesday;2023-03;311
2023-03-30;2023;3;1;Thursday;2023-03;306
2023-04-05;2023;4;2;Wednesday;2023-04;368
2023-04-09;2023;4;2;Sunday;2023-04;473
2023-04-14;2023;4;2;Friday;2023-04;1009
2023-04-16;2023;4;2;Sunday;2023-04;481
2023-04-20;2023;4;2;Thursday;2023-04;488
2023-04-21;2023;4;2;Friday;2023-04;188
2023-04-24;2023;4;2;Monday;2023-04;760
2023-04-25;2023;4;2;Tuesday;2023-04;286
2023-04-30;2023;4;2;Sunday;2023-04;566
2023-05-01;2023;5;2;Monday;2023-05;262
2023-05-02;2023;5;2;Tuesday;2023-05;307
2023-05-03;2023;5;2;Wednesday;2023-05;189
2023-05-04;2023;5;2;Thursday;2023-05;222
2023-05-05;2023;5;2;Friday;2023-05;233
2023-05-06;2023;5;2;Saturday;2023-05;377
2023-05-10;2023;5;2;Wednesday;2023-05;153
2023-05-16;2023;5;2;Tuesday;2023-05;253
2023-05-17;2023;5;2;Wednesday;2023-05;508
2023-05-21;2023;5;2;Sunday;2023-05;614
2023-05-23;2023;5;2;Tuesday;2023-05;344
2023-05-25;2023;5;2;Thursday;2023-05;247
2023-05-29;2023;5;2;Monday;2023-05;448
2023-05-30;2023;5;2;Tuesday;2023-05;236
2023-06-01;2023;6;2;Thursday;2023-06;216
2023-06-02;2023;6;2;Friday;2023-06;294
2023-06-03;2023;6;2;Saturday;2023-06;440
2023-06-05;2023;6;2;Monday;2023-06;479
2023-06-07;2023;6;2;Wednesday;2023-06;363
2023-06-09;2023;6;2;Friday;2023-06;491
2023-06-12;2023;6;2;Monday;2023-06;301
2023-06-14;2023;6;2;Wednesday;2023-06;513
2023-06-16;2023;6;2;Friday;2023-06;357
2023-06-19;2023;6;2;Monday;2023-06;71
2023-06-21;2023;6;2;Wednesday;2023-06;1006
2023-06-23;2023;6;2;Friday;2023-06;587
2023-06-24;2023;6;2;Saturday;2023-06;200
2023-06-25;2023;6;2;Sunday;2023-06;486
2023-06-26;2023;6;2;Monday;2023-06;129
2023-06-27;2023;6;2;Tuesday;2023-06;296
2023-06-28;2023;6;2;Wednesday;2023-06;276
2023-06-30;2023;6;2;Friday;2023-06;209
2023-07-01;2023;7;3;Saturday;2023-07;215
2023-07-03;2023;7;3;Monday;2023-07;225
2023-07-04;2023;7;3;Tuesday;2023-07;213
2023-07-05;2023;7;3;Wednesday;2023-07;592
2023-07-07;2023;7;3;Friday;2023-07;333
2023-07-08;2023;7;3;Saturday;2023-07;203
2023-07-09;2023;7;3;Sunday;2023-07;354
2023-07-11;2023;7;3;Tuesday;2023-07;179
2023-07-12;2023;7;3;Wednesday;2023-07;202
2023-07-13;2023;7;3;Thursday;2023-07;290
2023-07-14;2023;7;3;Friday;2023-07;274
2023-07-16;2023;7;3;Sunday;2023-07;338
2023-07-18;2023;7;3;Tuesday;2023-07;235
2023-07-19;2023;7;3;Wednesday;2023-07;187
2023-07-20;2023;7;3;Thursday;2023-07;358
2023-07-21;2023;7;3;Friday;2023-07;199
2023-07-22;2023;7;3;Saturday;2023-07;169
2023-07-24;2023;7;3;Monday;2023-07;270
2023-07-25;2023;7;3;Tuesday;2023-07;240
2023-07-26;2023;7;3;Wednesday;2023-07;228
2023-07-27;2023;7;3;Thursday;2023-07;147
2023-07-28;2023;7;3;Friday;2023-07;243
2023-07-29;2023;7;3;Saturday;2023-07;158
2023-07-30;2023;7;3;Sunday;2023-07;108
2023-07-31;2023;7;3;Monday;2023-07;175
2023-08-01;2023;8;3;Tuesday;2023-08;217
2023-08-02;2023;8;3;Wednesday;2023-08;115
2023-08-03;2023;8;3;Thursday;2023-08;208
2023-08-04;2023;8;3;Friday;2023-08;317
2023-08-05;2023;8;3;Saturday;2023-08;76
2023-08-06;2023;8;3;Sunday;2023-08;197
2023-08-07;2023;8;3;Monday;2023-08;168
2023-08-08;2023;8;3;Tuesday;2023-08;264
2023-08-09;2023;8;3;Wednesday;2023-08;190
2023-08-10;2023;8;3;Thursday;2023-08;87
2023-08-11;2023;8;3;Friday;2023-08;316
2023-08-12;2023;8;3;Saturday;2023-08;119
2023-08-13;2023;8;3;Sunday;2023-08;291
2023-08-14;2023;8;3;Monday;2023-08;167
2023-08-15;2023;8;3;Tuesday;2023-08;183
2023-08-16;2023;8;3;Wednesday;2023-08;229
2023-08-17;2023;8;3;Thursday;2023-08;214
2023-08-18;2023;8;3;Friday;2023-08;210
2023-08-19;2023;8;3;Saturday;2023-08;174
2023-08-20;2023;8;3;Sunday;2023-08;232
2023-08-21;2023;8;3;Monday;2023-08;272
2023-08-22;2023;8;3;Tuesday;2023-08;205
2023-08-23;2023;8;3;Wednesday;2023-08;292
2023-08-24;2023;8;3;Thursday;2023-08;97
2023-08-25;2023;8;3;Friday;2023-08;65
2023-08-26;2023;8;3;Saturday;2023-08;136
2023-08-27;2023;8;3;Sunday;2023-08;150
2023-08-28;2023;8;3;Monday;2023-08;146
2023-08-29;2023;8;3;Tuesday;2023-08;204
2023-08-30;2023;8;3;Wednesday;2023-08;180
2023-08-31;2023;8;3;Thursday;2023-08;51
2023-09-01;2023;9;3;Friday;2023-09;143
2023-09-02;2023;9;3;Saturday;2023-09;156
2023-09-03;2023;9;3;Sunday;2023-09;47
2023-09-04;2023;9;3;Monday;2023-09;164
2023-09-05;2023;9;3;Tuesday;2023-09;231
2023-09-06;2023;9;3;Wednesday;2023-09;211
2023-09-07;2023;9;3;Thursday;2023-09;111
2023-09-08;2023;9;3;Friday;2023-09;198
2023-09-09;2023;9;3;Saturday;2023-09;238
2023-09-10;2023;9;3;Sunday;2023-09;133
2023-09-11;2023;9;3;Monday;2023-09;184
2023-09-12;2023;9;3;Tuesday;2023-09;159
2023-09-13;2023;9;3;Wednesday;2023-09;161
2023-09-14;2023;9;3;Thursday;2023-09;160
2023-09-15;2023;9;3;Friday;2023-09;103
2023-09-16;2023;9;3;Saturday;2023-09;171
2023-09-17;2023;9;3;Sunday;2023-09;114
2023-09-18;2023;9;3;Monday;2023-09;155
2023-09-19;2023;9;3;Tuesday;2023-09;151
2023-09-20;2023;9;3;Wednesday;2023-09;100
2023-09-21;2023;9;3;Thursday;2023-09;191
2023-09-22;2023;9;3;Friday;2023-09;192
2023-09-23;2023;9;3;Saturday;2023-09;126
2023-09-24;2023;9;3;Sunday;2023-09;196
2023-09-25;2023;9;3;Monday;2023-09;131
2023-09-26;2023;9;3;Tuesday;2023-09;195
2023-09-27;2023;9;3;Wednesday;2023-09;173
2023-09-28;2023;9;3;Thursday;2023-09;117
2023-09-29;2023;9;3;Friday;2023-09;94
2023-09-30;2023;9;3;Saturday;2023-09;140
2023-10-01;2023;10;4;Sunday;2023-10;110
2023-10-02;2023;10;4;Monday;2023-10;125
2023-10-03;2023;10;4;Tuesday;2023-10;163
2023-10-04;2023;10;4;Wednesday;2023-10;139
2023-10-05;2023;10;4;Thursday;2023-10;45
2023-10-06;2023;10;4;Friday;2023-10;123
2023-10-07;2023;10;4;Saturday;2023-10;149
2023-10-08;2023;10;4;Sunday;2023-10;134
2023-10-09;2023;10;4;Monday;2023-10;84
2023-10-10;2023;10;4;Tuesday;2023-10;186
2023-10-11;2023;10;4;Wednesday;2023-10;122
2023-10-12;2023;10;4;Thursday;2023-10;162
2023-10-13;2023;10;4;Friday;2023-10;165
2023-10-14;2023;10;4;Saturday;2023-10;177
2023-10-15;2023;10;4;Sunday;2023-10;130
2023-10-16;2023;10;4;Monday;2023-10;166
2023-10-17;2023;10;4;Tuesday;2023-10;106
2023-10-18;2023;10;4;Wednesday;2023-10;121
2023-10-19;2023;10;4;Thursday;2023-10;124
2023-10-20;2023;10;4;Friday;2023-10;77
2023-10-21;2023;10;4;Saturday;2023-10;157
2023-10-22;2023;10;4;Sunday;2023-10;135
2023-10-23;2023;10;4;Monday;2023-10;141
2023-10-24;2023;10;4;Tuesday;2023-10;118
2023-10-25;2023;10;4;Wednesday;2023-10;116
2023-10-26;2023;10;4;Thursday;2023-10;34
2023-10-27;2023;10;4;Friday;2023-10;95
2023-10-28;2023;10;4;Saturday;2023-10;23
2023-10-29;2023;10;4;Sunday;2023-10;148
2023-10-30;2023;10;4;Monday;2023-10;178
2023-10-31;2023;10;4;Tuesday;2023-10;99
2023-11-01;2023;11;4;Wednesday;2023-11;81
2023-11-02;2023;11;4;Thursday;2023-11;112
2023-11-03;2023;11;4;Friday;2023-11;69
2023-11-04;2023;11;4;Saturday;2023-11;128
2023-11-05;2023;11;4;Sunday;2023-11;92
2023-11-06;2023;11;4;Monday;2023-11;96
2023-11-07;2023;11;4;Tuesday;2023-11;86
2023-11-08;2023;11;4;Wednesday;2023-11;32
2023-11-09;2023;11;4;Thursday;2023-11;80
2023-11-10;2023;11;4;Friday;2023-11;38
2023-11-11;2023;11;4;Saturday;2023-11;90
2023-11-12;2023;11;4;Sunday;2023-11;101
2023-11-13;2023;11;4;Monday;2023-11;89
2023-11-14;2023;11;4;Tuesday;2023-11;83
2023-11-15;2023;11;4;Wednesday;2023-11;120
2023-11-16;2023;11;4;Thursday;2023-11;72
2023-11-17;2023;11;4;Friday;2023-11;53
2023-11-18;2023;11;4;Saturday;2023-11;8
2023-11-19;2023;11;4;Sunday;2023-11;142
2023-11-20;2023;11;4;Monday;2023-11;127
2023-11-21;2023;11;4;Tuesday;2023-11;78
2023-11-22;2023;11;4;Wednesday;2023-11;75
2023-11-23;2023;11;4;Thursday;2023-11;98
2023-11-24;2023;11;4;Friday;2023-11;102
2023-11-25;2023;11;4;Saturday;2023-11;62
2023-11-26;2023;11;4;Sunday;2023-11;44
2023-11-27;2023;11;4;Monday;2023-11;9
2023-11-28;2023;11;4;Tuesday;2023-11;104
2023-11-29;2023;11;4;Wednesday;2023-11;64
2023-11-30;2023;11;4;Thursday;2023-11;91
2023-12-01;2023;12;4;Friday;2023-12;10
2023-12-02;2023;12;4;Saturday;2023-12;52
2023-12-03;2023;12;4;Sunday;2023-12;79
2023-12-04;2023;12;4;Monday;2023-12;40
2023-12-05;2023;12;4;Tuesday;2023-12;43
2023-12-06;2023;12;4;Wednesday;2023-12;93
2023-12-07;2023;12;4;Thursday;2023-12;21
2023-12-08;2023;12;4;Friday;2023-12;46
2023-12-09;2023;12;4;Saturday;2023-12;61
2023-12-10;2023;12;4;Sunday;2023-12;18
2023-12-11;2023;12;4;Monday;2023-12;42
2023-12-12;2023;12;4;Tuesday;2023-12;41
2023-12-13;2023;12;4;Wednesday;2023-12;63
2023-12-14;2023;12;4;Thursday;2023-12;48
2023-12-15;2023;12;4;Friday;2023-12;58
2023-12-16;2023;12;4;Saturday;2023-12;105
2023-12-17;2023;12;4;Sunday;2023-12;12
2023-12-18;2023;12;4;Monday;2023-12;55
2023-12-19;2023;12;4;Tuesday;2023-12;19
2023-12-20;2023;12;4;Wednesday;2023-12;67
2023-12-21;2023;12;4;Thursday;2023-12;60
2023-12-22;2023;12;4;Friday;2023-12;50
2023-12-23;2023;12;4;Saturday;2023-12;70
2023-12-24;2023;12;4;Sunday;2023-12;26
2023-12-25;2023;12;4;Monday;2023-12;4
2023-12-26;2023;12;4;Tuesday;2023-12;35
2023-12-27;2023;12;4;Wednesday;2023-12;57
2023-12-28;2023;12;4;Thursday;2023-12;5
2023-12-29;2023;12;4;Friday;2023-12;13
2023-12-30;2023;12;4;Saturday;2023-12;14
2023-12-31;2023;12;4;Sunday;2023-12;11
2024-01-01;2024;1;1;Monday;2024-01;49
2024-01-02;2024;1;1;Tuesday;2024-01;6
2024-01-03;2024;1;1;Wednesday;2024-01;54
2024-01-04;2024;1;1;Thursday;2024-01;27
2024-01-05;2024;1;1;Friday;2024-01;33
2024-01-06;2024;1;1;Saturday;2024-01;17
2024-01-07;2024;1;1;Sunday;2024-01;7
2024-01-08;2024;1;1;Monday;2024-01;24
2024-01-09;2024;1;1;Tuesday;2024-01;68
2024-01-10;2024;1;1;Wednesday;2024-01;2
2024-01-11;2024;1;1;Thursday;2024-01;30
2024-01-12;2024;1;1;Friday;2024-01;59
2024-01-13;2024;1;1;Saturday;2024-01;74
2024-01-14;2024;1;1;Sunday;2024-01;31
2024-01-15;2024;1;1;Monday;2024-01;1
2024-01-16;2024;1;1;Tuesday;2024-01;20
2024-01-17;2024;1;1;Wednesday;2024-01;66
2024-01-18;2024;1;1;Thursday;2024-01;36
2024-01-19;2024;1;1;Friday;2024-01;15
2024-01-20;2024;1;1;Saturday;2024-01;29
2024-01-21;2024;1;1;Sunday;2024-01;73
2024-01-22;2024;1;1;Monday;2024-01;37
2024-01-23;2024;1;1;Tuesday;2024-01;3
2024-01-24;2024;1;1;Wednesday;2024-01;28
2024-01-25;2024;1;1;Thursday;2024-01;16
2024-01-26;2024;1;1;Friday;2024-01;39
2024-01-27;2024;1;1;Saturday;2024-01;25
2024-01-28;2024;1;1;Sunday;2024-01;56
2024-01-29;2024;1;1;Monday;2024-01;22
2024-01-30;2024;1;1;Tuesday;2024-01;85
2024-01-31;2024;1;1;Wednesday;2024-01;107
2024-02-01;2024;2;1;Thursday;2024-02;433
2024-02-02;2024;2;1;Friday;2024-02;416
2024-02-03;2024;2;1;Saturday;2024-02;432
2024-02-04;2024;2;1;Sunday;2024-02;424
2024-02-05;2024;2;1;Monday;2024-02;435
2024-02-06;2024;2;1;Tuesday;2024-02;430
2024-02-07;2024;2;1;Wednesday;2024-02;409
2024-02-08;2024;2;1;Thursday;2024-02;387
2024-02-09;2024;2;1;Friday;2024-02;410
2024-02-10;2024;2;1;Saturday;2024-02;436
2024-02-11;2024;2;1;Sunday;2024-02;383
2024-02-12;2024;2;1;Monday;2024-02;431
2024-02-13;2024;2;1;Tuesday;2024-02;397
2024-02-14;2024;2;1;Wednesday;2024-02;408
2024-02-15;2024;2;1;Thursday;2024-02;437
2024-02-16;2024;2;1;Friday;2024-02;404
2024-02-17;2024;2;1;Saturday;2024-02;425
2024-02-18;2024;2;1;Sunday;2024-02;420
2024-02-19;2024;2;1;Monday;2024-02;423
2024-02-20;2024;2;1;Tuesday;2024-02;407
2024-02-21;2024;2;1;Wednesday;2024-02;386
2024-02-22;2024;2;1;Thursday;2024-02;427
2024-02-23;2024;2;1;Friday;2024-02;391
2024-02-24;2024;2;1;Saturday;2024-02;428
2024-02-25;2024;2;1;Sunday;2024-02;385
2024-02-26;2024;2;1;Monday;2024-02;379
2024-02-27;2024;2;1;Tuesday;2024-02;412
2024-02-28;2024;2;1;Wednesday;2024-02;378
2024-02-29;2024;2;1;Thursday;2024-02;419
2024-03-01;2024;3;1;Friday;2024-03;400
2024-03-02;2024;3;1;Saturday;2024-03;381
2024-03-03;2024;3;1;Sunday;2024-03;388
2024-03-04;2024;3;1;Monday;2024-03;380
2024-03-05;2024;3;1;Tuesday;2024-03;402
2024-03-06;2024;3;1;Wednesday;2024-03;392
2024-03-07;2024;3;1;Thursday;2024-03;405
2024-03-08;2024;3;1;Friday;2024-03;389
2024-03-09;2024;3;1;Saturday;2024-03;399
2024-03-10;2024;3;1;Sunday;2024-03;426
2024-03-11;2024;3;1;Monday;2024-03;382
2024-03-12;2024;3;1;Tuesday;2024-03;384
2024-03-13;2024;3;1;Wednesday;2024-03;390
2024-03-14;2024;3;1;Thursday;2024-03;415
2024-03-15;2024;3;1;Friday;2024-03;394
2024-03-16;2024;3;1;Saturday;2024-03;411
2024-03-17;2024;3;1;Sunday;2024-03;421
2024-03-18;2024;3;1;Monday;2024-03;406
2024-03-19;2024;3;1;Tuesday;2024-03;396
2024-03-20;2024;3;1;Wednesday;2024-03;403
2024-03-21;2024;3;1;Thursday;2024-03;413
2024-03-22;2024;3;1;Friday;2024-03;422
2024-03-23;2024;3;1;Saturday;2024-03;417
2024-03-24;2024;3;1;Sunday;2024-03;401
2024-03-25;2024;3;1;Monday;2024-03;395
2024-03-26;2024;3;1;Tuesday;2024-03;398
2024-03-27;2024;3;1;Wednesday;2024-03;418
2024-03-28;2024;3;1;Thursday;2024-03;393
2024-03-29;2024;3;1;Friday;2024-03;414
2024-03-30;2024;3;1;Saturday;2024-03;429
2024-03-31;2024;3;1;Sunday;2024-03;444
2024-04-01;2024;4;2;Monday;2024-04;541
2024-04-02;2024;4;2;Tuesday;2024-04;535
2024-04-03;2024;4;2;Wednesday;2024-04;530
2024-04-04;2024;4;2;Thursday;2024-04;525
2024-04-05;2024;4;2;Friday;2024-04;545
2024-04-06;2024;4;2;Saturday;2024-04;536
2024-04-07;2024;4;2;Sunday;2024-04;542
2024-04-08;2024;4;2;Monday;2024-04;531
2024-04-09;2024;4;2;Tuesday;2024-04;528
2024-04-10;2024;4;2;Wednesday;2024-04;546
2024-04-11;2024;4;2;Thursday;2024-04;539
2024-04-12;2024;4;2;Friday;2024-04;533
2024-04-13;2024;4;2;Saturday;2024-04;534
2024-04-14;2024;4;2;Sunday;2024-04;527
2024-04-15;2024;4;2;Monday;2024-04;538
2024-04-16;2024;4;2;Tuesday;2024-04;526
2024-04-17;2024;4;2;Wednesday;2024-04;549
2024-04-18;2024;4;2;Thursday;2024-04;544
2024-04-19;2024;4;2;Friday;2024-04;532
2024-04-20;2024;4;2;Saturday;2024-04;548
2024-04-21;2024;4;2;Sunday;2024-04;552
2024-04-22;2024;4;2;Monday;2024-04;537
2024-04-23;2024;4;2;Tuesday;2024-04;551
2024-04-24;2024;4;2;Wednesday;2024-04;543
2024-04-25;2024;4;2;Thursday;2024-04;540
2024-04-26;2024;4;2;Friday;2024-04;554
2024-04-27;2024;4;2;Saturday;2024-04;553
2024-04-28;2024;4;2;Sunday;2024-04;529
2024-04-29;2024;4;2;Monday;2024-04;547
2024-04-30;2024;4;2;Tuesday;2024-04;550
2024-05-01;2024;5;2;Wednesday;2024-05;642
2024-05-02;2024;5;2;Thursday;2024-05;641
2024-05-03;2024;5;2;Friday;2024-05;634
2024-05-04;2024;5;2;Saturday;2024-05;623
2024-05-05;2024;5;2;Sunday;2024-05;627
2024-05-06;2024;5;2;Monday;2024-05;628
2024-05-07;2024;5;2;Tuesday;2024-05;640
2024-05-08;2024;5;2;Wednesday;2024-05;630
2024-05-09;2024;5;2;Thursday;2024-05;629
2024-05-10;2024;5;2;Friday;2024-05;638
2024-05-11;2024;5;2;Saturday;2024-05;649
2024-05-12;2024;5;2;Sunday;2024-05;631
2024-05-13;2024;5;2;Monday;2024-05;625
2024-05-14;2024;5;2;Tuesday;2024-05;639
2024-05-15;2024;5;2;Wednesday;2024-05;644
2024-05-16;2024;5;2;Thursday;2024-05;632
2024-05-17;2024;5;2;Friday;2024-05;637
2024-05-18;2024;5;2;Saturday;2024-05;647
2024-05-19;2024;5;2;Sunday;2024-05;624
2024-05-20;2024;5;2;Monday;2024-05;633
2024-05-21;2024;5;2;Tuesday;2024-05;646
2024-05-22;2024;5;2;Wednesday;2024-05;626
2024-05-23;2024;5;2;Thursday;2024-05;643
2024-05-24;2024;5;2;Friday;2024-05;635
2024-05-25;2024;5;2;Saturday;2024-05;648
2024-05-26;2024;5;2;Sunday;2024-05;645
2024-05-27;2024;5;2;Monday;2024-05;636
2024-05-28;2024;5;2;Tuesday;2024-05;650
2024-05-29;2024;5;2;Wednesday;2024-05;622
2024-05-30;2024;5;2;Thursday;2024-05;652
2024-05-31;2024;5;2;Friday;2024-05;651
2024-06-01;2024;6;2;Saturday;2024-06;724
2024-06-02;2024;6;2;Sunday;2024-06;722
2024-06-03;2024;6;2;Monday;2024-06;730
2024-06-04;2024;6;2;Tuesday;2024-06;758
2024-06-05;2024;6;2;Wednesday;2024-06;743
2024-06-06;2024;6;2;Thursday;2024-06;716
2024-06-07;2024;6;2;Friday;2024-06;749
2024-06-08;2024;6;2;Saturday;2024-06;754
2024-06-09;2024;6;2;Sunday;2024-06;733
2024-06-10;2024;6;2;Monday;2024-06;748
2024-06-11;2024;6;2;Tuesday;2024-06;739
2024-06-12;2024;6;2;Wednesday;2024-06;752
2024-06-13;2024;6;2;Thursday;2024-06;753
2024-06-14;2024;6;2;Friday;2024-06;699
2024-06-15;2024;6;2;Saturday;2024-06;746
2024-06-16;2024;6;2;Sunday;2024-06;708
2024-06-17;2024;6;2;Monday;2024-06;738
2024-06-18;2024;6;2;Tuesday;2024-06;731
2024-06-19;2024;6;2;Wednesday;2024-06;718
2024-06-20;2024;6;2;Thursday;2024-06;711
2024-06-21;2024;6;2;Friday;2024-06;741
2024-06-22;2024;6;2;Saturday;2024-06;725
2024-06-23;2024;6;2;Sunday;2024-06;742
2024-06-24;2024;6;2;Monday;2024-06;698
2024-06-25;2024;6;2;Tuesday;2024-06;728
2024-06-26;2024;6;2;Wednesday;2024-06;726
2024-06-27;2024;6;2;Thursday;2024-06;734
2024-06-28;2024;6;2;Friday;2024-06;735
2024-06-29;2024;6;2;Saturday;2024-06;709
2024-06-30;2024;6;2;Sunday;2024-06;740
2024-07-01;2024;7;3;Monday;2024-07;713
2024-07-02;2024;7;3;Tuesday;2024-07;715
2024-07-03;2024;7;3;Wednesday;2024-07;712
2024-07-04;2024;7;3;Thursday;2024-07;732
2024-07-05;2024;7;3;Friday;2024-07;701
2024-07-06;2024;7;3;Saturday;2024-07;720
2024-07-07;2024;7;3;Sunday;2024-07;704
2024-07-08;2024;7;3;Monday;2024-07;703
2024-07-09;2024;7;3;Tuesday;2024-07;755
2024-07-10;2024;7;3;Wednesday;2024-07;729
2024-07-11;2024;7;3;Thursday;2024-07;723
2024-07-12;2024;7;3;Friday;2024-07;700
2024-07-13;2024;7;3;Saturday;2024-07;750
2024-07-14;2024;7;3;Sunday;2024-07;747
2024-07-15;2024;7;3;Monday;2024-07;702
2024-07-16;2024;7;3;Tuesday;2024-07;707
2024-07-17;2024;7;3;Wednesday;2024-07;721
2024-07-18;2024;7;3;Thursday;2024-07;714
2024-07-19;2024;7;3;Friday;2024-07;727
2024-07-20;2024;7;3;Saturday;2024-07;756
2024-07-21;2024;7;3;Sunday;2024-07;736
2024-07-22;2024;7;3;Monday;2024-07;717
2024-07-23;2024;7;3;Tuesday;2024-07;719
2024-07-24;2024;7;3;Wednesday;2024-07;706
2024-07-25;2024;7;3;Thursday;2024-07;737
2024-07-26;2024;7;3;Friday;2024-07;745
2024-07-27;2024;7;3;Saturday;2024-07;744
2024-07-28;2024;7;3;Sunday;2024-07;710
2024-07-29;2024;7;3;Monday;2024-07;705
2024-07-30;2024;7;3;Tuesday;2024-07;751
2024-07-31;2024;7;3;Wednesday;2024-07;757
2024-08-01;2024;8;3;Thursday;2024-08;853
2024-08-02;2024;8;3;Friday;2024-08;847
2024-08-03;2024;8;3;Saturday;2024-08;854
2024-08-04;2024;8;3;Sunday;2024-08;857
2024-08-05;2024;8;3;Monday;2024-08;831
2024-08-06;2024;8;3;Tuesday;2024-08;851
2024-08-07;2024;8;3;Wednesday;2024-08;816
2024-08-08;2024;8;3;Thursday;2024-08;829
2024-08-09;2024;8;3;Friday;2024-08;855
2024-08-10;2024;8;3;Saturday;2024-08;852
2024-08-11;2024;8;3;Sunday;2024-08;804
2024-08-12;2024;8;3;Monday;2024-08;835
2024-08-13;2024;8;3;Tuesday;2024-08;818
2024-08-14;2024;8;3;Wednesday;2024-08;832
2024-08-15;2024;8;3;Thursday;2024-08;848
2024-08-16;2024;8;3;Friday;2024-08;858
2024-08-17;2024;8;3;Saturday;2024-08;812
2024-08-18;2024;8;3;Sunday;2024-08;841
2024-08-19;2024;8;3;Monday;2024-08;828
2024-08-20;2024;8;3;Tuesday;2024-08;837
2024-08-21;2024;8;3;Wednesday;2024-08;830
2024-08-22;2024;8;3;Thursday;2024-08;834
2024-08-23;2024;8;3;Friday;2024-08;840
2024-08-24;2024;8;3;Saturday;2024-08;805
2024-08-25;2024;8;3;Sunday;2024-08;844
2024-08-26;2024;8;3;Monday;2024-08;798
2024-08-27;2024;8;3;Tuesday;2024-08;817
2024-08-28;2024;8;3;Wednesday;2024-08;833
2024-08-29;2024;8;3;Thursday;2024-08;823
2024-08-30;2024;8;3;Friday;2024-08;820
2024-08-31;2024;8;3;Saturday;2024-08;839
2024-09-01;2024;9;3;Sunday;2024-09;826
2024-09-02;2024;9;3;Monday;2024-09;803
2024-09-03;2024;9;3;Tuesday;2024-09;810
2024-09-04;2024;9;3;Wednesday;2024-09;807
2024-09-05;2024;9;3;Thursday;2024-09;809
2024-09-06;2024;9;3;Friday;2024-09;819
2024-09-07;2024;9;3;Saturday;2024-09;814
2024-09-08;2024;9;3;Sunday;2024-09;836
2024-09-09;2024;9;3;Monday;2024-09;845
2024-09-10;2024;9;3;Tuesday;2024-09;802
2024-09-11;2024;9;3;Wednesday;2024-09;811
2024-09-12;2024;9;3;Thursday;2024-09;801
2024-09-13;2024;9;3;Friday;2024-09;838
2024-09-14;2024;9;3;Saturday;2024-09;822
2024-09-15;2024;9;3;Sunday;2024-09;843
2024-09-16;2024;9;3;Monday;2024-09;825
2024-09-17;2024;9;3;Tuesday;2024-09;821
2024-09-18;2024;9;3;Wednesday;2024-09;800
2024-09-19;2024;9;3;Thursday;2024-09;806
2024-09-20;2024;9;3;Friday;2024-09;813
2024-09-21;2024;9;3;Saturday;2024-09;846
2024-09-22;2024;9;3;Sunday;2024-09;799
2024-09-23;2024;9;3;Monday;2024-09;824
2024-09-24;2024;9;3;Tuesday;2024-09;827
2024-09-25;2024;9;3;Wednesday;2024-09;850
2024-09-26;2024;9;3;Thursday;2024-09;842
2024-09-27;2024;9;3;Friday;2024-09;815
2024-09-28;2024;9;3;Saturday;2024-09;849
2024-09-29;2024;9;3;Sunday;2024-09;808
2024-09-30;2024;9;3;Monday;2024-09;856
2024-10-01;2024;10;4;Tuesday;2024-10;897
2024-10-02;2024;10;4;Wednesday;2024-10;902
2024-10-03;2024;10;4;Thursday;2024-10;905
2024-10-04;2024;10;4;Friday;2024-10;903
2024-10-05;2024;10;4;Saturday;2024-10;907
2024-10-06;2024;10;4;Sunday;2024-10;908
2024-10-07;2024;10;4;Monday;2024-10;901
2024-10-08;2024;10;4;Tuesday;2024-10;899
2024-10-09;2024;10;4;Wednesday;2024-10;900
2024-10-10;2024;10;4;Thursday;2024-10;904
2024-10-11;2024;10;4;Friday;2024-10;911
2024-10-12;2024;10;4;Saturday;2024-10;923
2024-10-13;2024;10;4;Sunday;2024-10;919
2024-10-14;2024;10;4;Monday;2024-10;912
2024-10-15;2024;10;4;Tuesday;2024-10;895
2024-10-16;2024;10;4;Wednesday;2024-10;920
2024-10-17;2024;10;4;Thursday;2024-10;917
2024-10-18;2024;10;4;Friday;2024-10;915
2024-10-19;2024;10;4;Saturday;2024-10;913
2024-10-20;2024;10;4;Sunday;2024-10;918
2024-10-21;2024;10;4;Monday;2024-10;909
2024-10-22;2024;10;4;Tuesday;2024-10;898
2024-10-23;2024;10;4;Wednesday;2024-10;921
2024-10-24;2024;10;4;Thursday;2024-10;910
2024-10-25;2024;10;4;Friday;2024-10;922
2024-10-26;2024;10;4;Saturday;2024-10;916
2024-10-27;2024;10;4;Sunday;2024-10;896
2024-10-28;2024;10;4;Monday;2024-10;906
2024-10-29;2024;10;4;Tuesday;2024-10;924
2024-10-30;2024;10;4;Wednesday;2024-10;914
2024-10-31;2024;10;4;Thursday;2024-10;925
2024-11-01;2024;11;4;Friday;2024-11;961
2024-11-02;2024;11;4;Saturday;2024-11;981
2024-11-03;2024;11;4;Sunday;2024-11;977
2024-11-04;2024;11;4;Monday;2024-11;967
2024-11-05;2024;11;4;Tuesday;2024-11;960
2024-11-06;2024;11;4;Wednesday;2024-11;978
2024-11-07;2024;11;4;Thursday;2024-11;964
2024-11-08;2024;11;4;Friday;2024-11;987
2024-11-09;2024;11;4;Saturday;2024-11;966
2024-11-10;2024;11;4;Sunday;2024-11;980
2024-11-11;2024;11;4;Monday;2024-11;973
2024-11-12;2024;11;4;Tuesday;2024-11;971
2024-11-13;2024;11;4;Wednesday;2024-11;983
2024-11-14;2024;11;4;Thursday;2024-11;975
2024-11-15;2024;11;4;Friday;2024-11;972
2024-11-16;2024;11;4;Saturday;2024-11;965
2024-11-17;2024;11;4;Sunday;2024-11;982
2024-11-18;2024;11;4;Monday;2024-11;962
2024-11-19;2024;11;4;Tuesday;2024-11;979
2024-11-20;2024;11;4;Wednesday;2024-11;988
2024-11-21;2024;11;4;Thursday;2024-11;984
2024-11-22;2024;11;4;Friday;2024-11;976
2024-11-23;2024;11;4;Saturday;2024-11;963
2024-11-24;2024;11;4;Sunday;2024-11;970
2024-11-25;2024;11;4;Monday;2024-11;985
2024-11-26;2024;11;4;Tuesday;2024-11;968
2024-11-27;2024;11;4;Wednesday;2024-11;969
2024-11-28;2024;11;4;Thursday;2024-11;986
2024-11-29;2024;11;4;Friday;2024-11;974
2024-11-30;2024;11;4;Saturday;2024-11;989
